epiweek,WeekStart,WeekMid,WeekEnd,Year,Week,train_1,target_1,train_2,target_2,train_3,target_3
200952,27/12/2009,31/12/2009,02/01/2010,2009,52,FALSE,FALSE,FALSE,FALSE,FALSE,FALSE
201001,03/01/2010,07/01/2010,09/01/2010,2010,1,TRUE,FALSE,TRUE,FALSE,TRUE,FALSE
201002,10/01/2010,14/01/2010,16/01/2010,2010,2,TRUE,FALSE,TRUE,FALSE,TRUE,FALSE
201003,17/01/2010,21/01/2010,23/01/2010,2010,3,TRUE,FALSE,TRUE,FALSE,TRUE,FALSE
201004,24/01/2010,28/01/2010,30/01/2010,2010,4,TRUE,FALSE,TRUE,FALSE,TRUE,FALSE
201005,31/01/2010,04/02/2010,06/02/2010,2010,5,TRUE,FALSE,TRUE,FALSE,TRUE,FALSE
201006,07/02/2010,11/02/2010,13/02/2010,2010,6,TRUE,FALSE,TRUE,FALSE,TRUE,FALSE
201007,14/02/2010,18/02/2010,20/02/2010,2010,7,TRUE,FALSE,TRUE,FALSE,TRUE,FALSE
201008,21/02/2010,25/02/2010,27/02/2010,2010,8,TRUE,FALSE,TRUE,FALSE,TRUE,FALSE
201009,28/02/2010,04/03/2010,06/03/2010,2010,9,TRUE,FALSE,TRUE,FALSE,TRUE,FALSE
201010,07/03/2010,11/03/2010,13/03/2010,2010,10,TRUE,FALSE,TRUE,FALSE,TRUE,FALSE
201011,14/03/2010,18/03/2010,20/03/2010,2010,11,TRUE,FALSE,TRUE,FALSE,TRUE,FALSE
201012,21/03/2010,25/03/2010,27/03/2010,2010,12,TRUE,FALSE,TRUE,FALSE,TRUE,FALSE
201013,28/03/2010,01/04/2010,03/04/2010,2010,13,TRUE,FALSE,TRUE,FALSE,TRUE,FALSE
201014,04/04/2010,08/04/2010,10/04/2010,2010,14,TRUE,FALSE,TRUE,FALSE,TRUE,FALSE
201015,11/04/2010,15/04/2010,17/04/2010,2010,15,TRUE,FALSE,TRUE,FALSE,TRUE,FALSE
201016,18/04/2010,22/04/2010,24/04/2010,2010,16,TRUE,FALSE,TRUE,FALSE,TRUE,FALSE
201017,25/04/2010,29/04/2010,01/05/2010,2010,17,TRUE,FALSE,TRUE,FALSE,TRUE,FALSE
201018,02/05/2010,06/05/2010,08/05/2010,2010,18,TRUE,FALSE,TRUE,FALSE,TRUE,FALSE
201019,09/05/2010,13/05/2010,15/05/2010,2010,19,TRUE,FALSE,TRUE,FALSE,TRUE,FALSE
201020,16/05/2010,20/05/2010,22/05/2010,2010,20,TRUE,FALSE,TRUE,FALSE,TRUE,FALSE
201021,23/05/2010,27/05/2010,29/05/2010,2010,21,TRUE,FALSE,TRUE,FALSE,TRUE,FALSE
201022,30/05/2010,03/06/2010,05/06/2010,2010,22,TRUE,FALSE,TRUE,FALSE,TRUE,FALSE
201023,06/06/2010,10/06/2010,12/06/2010,2010,23,TRUE,FALSE,TRUE,FALSE,TRUE,FALSE
201024,13/06/2010,17/06/2010,19/06/2010,2010,24,TRUE,FALSE,TRUE,FALSE,TRUE,FALSE
201025,20/06/2010,24/06/2010,26/06/2010,2010,25,TRUE,FALSE,TRUE,FALSE,TRUE,FALSE
201026,27/06/2010,01/07/2010,03/07/2010,2010,26,TRUE,FALSE,TRUE,FALSE,TRUE,FALSE
201027,04/07/2010,08/07/2010,10/07/2010,2010,27,TRUE,FALSE,TRUE,FALSE,TRUE,FALSE
201028,11/07/2010,15/07/2010,17/07/2010,2010,28,TRUE,FALSE,TRUE,FALSE,TRUE,FALSE
201029,18/07/2010,22/07/2010,24/07/2010,2010,29,TRUE,FALSE,TRUE,FALSE,TRUE,FALSE
201030,25/07/2010,29/07/2010,31/07/2010,2010,30,TRUE,FALSE,TRUE,FALSE,TRUE,FALSE
201031,01/08/2010,05/08/2010,07/08/2010,2010,31,TRUE,FALSE,TRUE,FALSE,TRUE,FALSE
201032,08/08/2010,12/08/2010,14/08/2010,2010,32,TRUE,FALSE,TRUE,FALSE,TRUE,FALSE
201033,15/08/2010,19/08/2010,21/08/2010,2010,33,TRUE,FALSE,TRUE,FALSE,TRUE,FALSE
201034,22/08/2010,26/08/2010,28/08/2010,2010,34,TRUE,FALSE,TRUE,FALSE,TRUE,FALSE
201035,29/08/2010,02/09/2010,04/09/2010,2010,35,TRUE,FALSE,TRUE,FALSE,TRUE,FALSE
201036,05/09/2010,09/09/2010,11/09/2010,2010,36,TRUE,FALSE,TRUE,FALSE,TRUE,FALSE
201037,12/09/2010,16/09/2010,18/09/2010,2010,37,TRUE,FALSE,TRUE,FALSE,TRUE,FALSE
201038,19/09/2010,23/09/2010,25/09/2010,2010,38,TRUE,FALSE,TRUE,FALSE,TRUE,FALSE
201039,26/09/2010,30/09/2010,02/10/2010,2010,39,TRUE,FALSE,TRUE,FALSE,TRUE,FALSE
201040,03/10/2010,07/10/2010,09/10/2010,2010,40,TRUE,FALSE,TRUE,FALSE,TRUE,FALSE
201041,10/10/2010,14/10/2010,16/10/2010,2010,41,TRUE,FALSE,TRUE,FALSE,TRUE,FALSE
201042,17/10/2010,21/10/2010,23/10/2010,2010,42,TRUE,FALSE,TRUE,FALSE,TRUE,FALSE
201043,24/10/2010,28/10/2010,30/10/2010,2010,43,TRUE,FALSE,TRUE,FALSE,TRUE,FALSE
201044,31/10/2010,04/11/2010,06/11/2010,2010,44,TRUE,FALSE,TRUE,FALSE,TRUE,FALSE
201045,07/11/2010,11/11/2010,13/11/2010,2010,45,TRUE,FALSE,TRUE,FALSE,TRUE,FALSE
201046,14/11/2010,18/11/2010,20/11/2010,2010,46,TRUE,FALSE,TRUE,FALSE,TRUE,FALSE
201047,21/11/2010,25/11/2010,27/11/2010,2010,47,TRUE,FALSE,TRUE,FALSE,TRUE,FALSE
201048,28/11/2010,02/12/2010,04/12/2010,2010,48,TRUE,FALSE,TRUE,FALSE,TRUE,FALSE
201049,05/12/2010,09/12/2010,11/12/2010,2010,49,TRUE,FALSE,TRUE,FALSE,TRUE,FALSE
201050,12/12/2010,16/12/2010,18/12/2010,2010,50,TRUE,FALSE,TRUE,FALSE,TRUE,FALSE
201051,19/12/2010,23/12/2010,25/12/2010,2010,51,TRUE,FALSE,TRUE,FALSE,TRUE,FALSE
201052,26/12/2010,30/12/2010,01/01/2011,2010,52,TRUE,FALSE,TRUE,FALSE,TRUE,FALSE
201101,02/01/2011,06/01/2011,08/01/2011,2011,1,TRUE,FALSE,TRUE,FALSE,TRUE,FALSE
201102,09/01/2011,13/01/2011,15/01/2011,2011,2,TRUE,FALSE,TRUE,FALSE,TRUE,FALSE
201103,16/01/2011,20/01/2011,22/01/2011,2011,3,TRUE,FALSE,TRUE,FALSE,TRUE,FALSE
201104,23/01/2011,27/01/2011,29/01/2011,2011,4,TRUE,FALSE,TRUE,FALSE,TRUE,FALSE
201105,30/01/2011,03/02/2011,05/02/2011,2011,5,TRUE,FALSE,TRUE,FALSE,TRUE,FALSE
201106,06/02/2011,10/02/2011,12/02/2011,2011,6,TRUE,FALSE,TRUE,FALSE,TRUE,FALSE
201107,13/02/2011,17/02/2011,19/02/2011,2011,7,TRUE,FALSE,TRUE,FALSE,TRUE,FALSE
201108,20/02/2011,24/02/2011,26/02/2011,2011,8,TRUE,FALSE,TRUE,FALSE,TRUE,FALSE
201109,27/02/2011,03/03/2011,05/03/2011,2011,9,TRUE,FALSE,TRUE,FALSE,TRUE,FALSE
201110,06/03/2011,10/03/2011,12/03/2011,2011,10,TRUE,FALSE,TRUE,FALSE,TRUE,FALSE
201111,13/03/2011,17/03/2011,19/03/2011,2011,11,TRUE,FALSE,TRUE,FALSE,TRUE,FALSE
201112,20/03/2011,24/03/2011,26/03/2011,2011,12,TRUE,FALSE,TRUE,FALSE,TRUE,FALSE
201113,27/03/2011,31/03/2011,02/04/2011,2011,13,TRUE,FALSE,TRUE,FALSE,TRUE,FALSE
201114,03/04/2011,07/04/2011,09/04/2011,2011,14,TRUE,FALSE,TRUE,FALSE,TRUE,FALSE
201115,10/04/2011,14/04/2011,16/04/2011,2011,15,TRUE,FALSE,TRUE,FALSE,TRUE,FALSE
201116,17/04/2011,21/04/2011,23/04/2011,2011,16,TRUE,FALSE,TRUE,FALSE,TRUE,FALSE
201117,24/04/2011,28/04/2011,30/04/2011,2011,17,TRUE,FALSE,TRUE,FALSE,TRUE,FALSE
201118,01/05/2011,05/05/2011,07/05/2011,2011,18,TRUE,FALSE,TRUE,FALSE,TRUE,FALSE
201119,08/05/2011,12/05/2011,14/05/2011,2011,19,TRUE,FALSE,TRUE,FALSE,TRUE,FALSE
201120,15/05/2011,19/05/2011,21/05/2011,2011,20,TRUE,FALSE,TRUE,FALSE,TRUE,FALSE
201121,22/05/2011,26/05/2011,28/05/2011,2011,21,TRUE,FALSE,TRUE,FALSE,TRUE,FALSE
201122,29/05/2011,02/06/2011,04/06/2011,2011,22,TRUE,FALSE,TRUE,FALSE,TRUE,FALSE
201123,05/06/2011,09/06/2011,11/06/2011,2011,23,TRUE,FALSE,TRUE,FALSE,TRUE,FALSE
201124,12/06/2011,16/06/2011,18/06/2011,2011,24,TRUE,FALSE,TRUE,FALSE,TRUE,FALSE
201125,19/06/2011,23/06/2011,25/06/2011,2011,25,TRUE,FALSE,TRUE,FALSE,TRUE,FALSE
201126,26/06/2011,30/06/2011,02/07/2011,2011,26,TRUE,FALSE,TRUE,FALSE,TRUE,FALSE
201127,03/07/2011,07/07/2011,09/07/2011,2011,27,TRUE,FALSE,TRUE,FALSE,TRUE,FALSE
201128,10/07/2011,14/07/2011,16/07/2011,2011,28,TRUE,FALSE,TRUE,FALSE,TRUE,FALSE
201129,17/07/2011,21/07/2011,23/07/2011,2011,29,TRUE,FALSE,TRUE,FALSE,TRUE,FALSE
201130,24/07/2011,28/07/2011,30/07/2011,2011,30,TRUE,FALSE,TRUE,FALSE,TRUE,FALSE
201131,31/07/2011,04/08/2011,06/08/2011,2011,31,TRUE,FALSE,TRUE,FALSE,TRUE,FALSE
201132,07/08/2011,11/08/2011,13/08/2011,2011,32,TRUE,FALSE,TRUE,FALSE,TRUE,FALSE
201133,14/08/2011,18/08/2011,20/08/2011,2011,33,TRUE,FALSE,TRUE,FALSE,TRUE,FALSE
201134,21/08/2011,25/08/2011,27/08/2011,2011,34,TRUE,FALSE,TRUE,FALSE,TRUE,FALSE
201135,28/08/2011,01/09/2011,03/09/2011,2011,35,TRUE,FALSE,TRUE,FALSE,TRUE,FALSE
201136,04/09/2011,08/09/2011,10/09/2011,2011,36,TRUE,FALSE,TRUE,FALSE,TRUE,FALSE
201137,11/09/2011,15/09/2011,17/09/2011,2011,37,TRUE,FALSE,TRUE,FALSE,TRUE,FALSE
201138,18/09/2011,22/09/2011,24/09/2011,2011,38,TRUE,FALSE,TRUE,FALSE,TRUE,FALSE
201139,25/09/2011,29/09/2011,01/10/2011,2011,39,TRUE,FALSE,TRUE,FALSE,TRUE,FALSE
201140,02/10/2011,06/10/2011,08/10/2011,2011,40,TRUE,FALSE,TRUE,FALSE,TRUE,FALSE
201141,09/10/2011,13/10/2011,15/10/2011,2011,41,TRUE,FALSE,TRUE,FALSE,TRUE,FALSE
201142,16/10/2011,20/10/2011,22/10/2011,2011,42,TRUE,FALSE,TRUE,FALSE,TRUE,FALSE
201143,23/10/2011,27/10/2011,29/10/2011,2011,43,TRUE,FALSE,TRUE,FALSE,TRUE,FALSE
201144,30/10/2011,03/11/2011,05/11/2011,2011,44,TRUE,FALSE,TRUE,FALSE,TRUE,FALSE
201145,06/11/2011,10/11/2011,12/11/2011,2011,45,TRUE,FALSE,TRUE,FALSE,TRUE,FALSE
201146,13/11/2011,17/11/2011,19/11/2011,2011,46,TRUE,FALSE,TRUE,FALSE,TRUE,FALSE
201147,20/11/2011,24/11/2011,26/11/2011,2011,47,TRUE,FALSE,TRUE,FALSE,TRUE,FALSE
201148,27/11/2011,01/12/2011,03/12/2011,2011,48,TRUE,FALSE,TRUE,FALSE,TRUE,FALSE
201149,04/12/2011,08/12/2011,10/12/2011,2011,49,TRUE,FALSE,TRUE,FALSE,TRUE,FALSE
201150,11/12/2011,15/12/2011,17/12/2011,2011,50,TRUE,FALSE,TRUE,FALSE,TRUE,FALSE
201151,18/12/2011,22/12/2011,24/12/2011,2011,51,TRUE,FALSE,TRUE,FALSE,TRUE,FALSE
201152,25/12/2011,29/12/2011,31/12/2011,2011,52,TRUE,FALSE,TRUE,FALSE,TRUE,FALSE
201201,01/01/2012,05/01/2012,07/01/2012,2012,1,TRUE,FALSE,TRUE,FALSE,TRUE,FALSE
201202,08/01/2012,12/01/2012,14/01/2012,2012,2,TRUE,FALSE,TRUE,FALSE,TRUE,FALSE
201203,15/01/2012,19/01/2012,21/01/2012,2012,3,TRUE,FALSE,TRUE,FALSE,TRUE,FALSE
201204,22/01/2012,26/01/2012,28/01/2012,2012,4,TRUE,FALSE,TRUE,FALSE,TRUE,FALSE
201205,29/01/2012,02/02/2012,04/02/2012,2012,5,TRUE,FALSE,TRUE,FALSE,TRUE,FALSE
201206,05/02/2012,09/02/2012,11/02/2012,2012,6,TRUE,FALSE,TRUE,FALSE,TRUE,FALSE
201207,12/02/2012,16/02/2012,18/02/2012,2012,7,TRUE,FALSE,TRUE,FALSE,TRUE,FALSE
201208,19/02/2012,23/02/2012,25/02/2012,2012,8,TRUE,FALSE,TRUE,FALSE,TRUE,FALSE
201209,26/02/2012,01/03/2012,03/03/2012,2012,9,TRUE,FALSE,TRUE,FALSE,TRUE,FALSE
201210,04/03/2012,08/03/2012,10/03/2012,2012,10,TRUE,FALSE,TRUE,FALSE,TRUE,FALSE
201211,11/03/2012,15/03/2012,17/03/2012,2012,11,TRUE,FALSE,TRUE,FALSE,TRUE,FALSE
201212,18/03/2012,22/03/2012,24/03/2012,2012,12,TRUE,FALSE,TRUE,FALSE,TRUE,FALSE
201213,25/03/2012,29/03/2012,31/03/2012,2012,13,TRUE,FALSE,TRUE,FALSE,TRUE,FALSE
201214,01/04/2012,05/04/2012,07/04/2012,2012,14,TRUE,FALSE,TRUE,FALSE,TRUE,FALSE
201215,08/04/2012,12/04/2012,14/04/2012,2012,15,TRUE,FALSE,TRUE,FALSE,TRUE,FALSE
201216,15/04/2012,19/04/2012,21/04/2012,2012,16,TRUE,FALSE,TRUE,FALSE,TRUE,FALSE
201217,22/04/2012,26/04/2012,28/04/2012,2012,17,TRUE,FALSE,TRUE,FALSE,TRUE,FALSE
201218,29/04/2012,03/05/2012,05/05/2012,2012,18,TRUE,FALSE,TRUE,FALSE,TRUE,FALSE
201219,06/05/2012,10/05/2012,12/05/2012,2012,19,TRUE,FALSE,TRUE,FALSE,TRUE,FALSE
201220,13/05/2012,17/05/2012,19/05/2012,2012,20,TRUE,FALSE,TRUE,FALSE,TRUE,FALSE
201221,20/05/2012,24/05/2012,26/05/2012,2012,21,TRUE,FALSE,TRUE,FALSE,TRUE,FALSE
201222,27/05/2012,31/05/2012,02/06/2012,2012,22,TRUE,FALSE,TRUE,FALSE,TRUE,FALSE
201223,03/06/2012,07/06/2012,09/06/2012,2012,23,TRUE,FALSE,TRUE,FALSE,TRUE,FALSE
201224,10/06/2012,14/06/2012,16/06/2012,2012,24,TRUE,FALSE,TRUE,FALSE,TRUE,FALSE
201225,17/06/2012,21/06/2012,23/06/2012,2012,25,TRUE,FALSE,TRUE,FALSE,TRUE,FALSE
201226,24/06/2012,28/06/2012,30/06/2012,2012,26,TRUE,FALSE,TRUE,FALSE,TRUE,FALSE
201227,01/07/2012,05/07/2012,07/07/2012,2012,27,TRUE,FALSE,TRUE,FALSE,TRUE,FALSE
201228,08/07/2012,12/07/2012,14/07/2012,2012,28,TRUE,FALSE,TRUE,FALSE,TRUE,FALSE
201229,15/07/2012,19/07/2012,21/07/2012,2012,29,TRUE,FALSE,TRUE,FALSE,TRUE,FALSE
201230,22/07/2012,26/07/2012,28/07/2012,2012,30,TRUE,FALSE,TRUE,FALSE,TRUE,FALSE
201231,29/07/2012,02/08/2012,04/08/2012,2012,31,TRUE,FALSE,TRUE,FALSE,TRUE,FALSE
201232,05/08/2012,09/08/2012,11/08/2012,2012,32,TRUE,FALSE,TRUE,FALSE,TRUE,FALSE
201233,12/08/2012,16/08/2012,18/08/2012,2012,33,TRUE,FALSE,TRUE,FALSE,TRUE,FALSE
201234,19/08/2012,23/08/2012,25/08/2012,2012,34,TRUE,FALSE,TRUE,FALSE,TRUE,FALSE
201235,26/08/2012,30/08/2012,01/09/2012,2012,35,TRUE,FALSE,TRUE,FALSE,TRUE,FALSE
201236,02/09/2012,06/09/2012,08/09/2012,2012,36,TRUE,FALSE,TRUE,FALSE,TRUE,FALSE
201237,09/09/2012,13/09/2012,15/09/2012,2012,37,TRUE,FALSE,TRUE,FALSE,TRUE,FALSE
201238,16/09/2012,20/09/2012,22/09/2012,2012,38,TRUE,FALSE,TRUE,FALSE,TRUE,FALSE
201239,23/09/2012,27/09/2012,29/09/2012,2012,39,TRUE,FALSE,TRUE,FALSE,TRUE,FALSE
201240,30/09/2012,04/10/2012,06/10/2012,2012,40,TRUE,FALSE,TRUE,FALSE,TRUE,FALSE
201241,07/10/2012,11/10/2012,13/10/2012,2012,41,TRUE,FALSE,TRUE,FALSE,TRUE,FALSE
201242,14/10/2012,18/10/2012,20/10/2012,2012,42,TRUE,FALSE,TRUE,FALSE,TRUE,FALSE
201243,21/10/2012,25/10/2012,27/10/2012,2012,43,TRUE,FALSE,TRUE,FALSE,TRUE,FALSE
201244,28/10/2012,01/11/2012,03/11/2012,2012,44,TRUE,FALSE,TRUE,FALSE,TRUE,FALSE
201245,04/11/2012,08/11/2012,10/11/2012,2012,45,TRUE,FALSE,TRUE,FALSE,TRUE,FALSE
201246,11/11/2012,15/11/2012,17/11/2012,2012,46,TRUE,FALSE,TRUE,FALSE,TRUE,FALSE
201247,18/11/2012,22/11/2012,24/11/2012,2012,47,TRUE,FALSE,TRUE,FALSE,TRUE,FALSE
201248,25/11/2012,29/11/2012,01/12/2012,2012,48,TRUE,FALSE,TRUE,FALSE,TRUE,FALSE
201249,02/12/2012,06/12/2012,08/12/2012,2012,49,TRUE,FALSE,TRUE,FALSE,TRUE,FALSE
201250,09/12/2012,13/12/2012,15/12/2012,2012,50,TRUE,FALSE,TRUE,FALSE,TRUE,FALSE
201251,16/12/2012,20/12/2012,22/12/2012,2012,51,TRUE,FALSE,TRUE,FALSE,TRUE,FALSE
201252,23/12/2012,27/12/2012,29/12/2012,2012,52,TRUE,FALSE,TRUE,FALSE,TRUE,FALSE
201301,30/12/2012,03/01/2013,05/01/2013,2013,1,TRUE,FALSE,TRUE,FALSE,TRUE,FALSE
201302,06/01/2013,10/01/2013,12/01/2013,2013,2,TRUE,FALSE,TRUE,FALSE,TRUE,FALSE
201303,13/01/2013,17/01/2013,19/01/2013,2013,3,TRUE,FALSE,TRUE,FALSE,TRUE,FALSE
201304,20/01/2013,24/01/2013,26/01/2013,2013,4,TRUE,FALSE,TRUE,FALSE,TRUE,FALSE
201305,27/01/2013,31/01/2013,02/02/2013,2013,5,TRUE,FALSE,TRUE,FALSE,TRUE,FALSE
201306,03/02/2013,07/02/2013,09/02/2013,2013,6,TRUE,FALSE,TRUE,FALSE,TRUE,FALSE
201307,10/02/2013,14/02/2013,16/02/2013,2013,7,TRUE,FALSE,TRUE,FALSE,TRUE,FALSE
201308,17/02/2013,21/02/2013,23/02/2013,2013,8,TRUE,FALSE,TRUE,FALSE,TRUE,FALSE
201309,24/02/2013,28/02/2013,02/03/2013,2013,9,TRUE,FALSE,TRUE,FALSE,TRUE,FALSE
201310,03/03/2013,07/03/2013,09/03/2013,2013,10,TRUE,FALSE,TRUE,FALSE,TRUE,FALSE
201311,10/03/2013,14/03/2013,16/03/2013,2013,11,TRUE,FALSE,TRUE,FALSE,TRUE,FALSE
201312,17/03/2013,21/03/2013,23/03/2013,2013,12,TRUE,FALSE,TRUE,FALSE,TRUE,FALSE
201313,24/03/2013,28/03/2013,30/03/2013,2013,13,TRUE,FALSE,TRUE,FALSE,TRUE,FALSE
201314,31/03/2013,04/04/2013,06/04/2013,2013,14,TRUE,FALSE,TRUE,FALSE,TRUE,FALSE
201315,07/04/2013,11/04/2013,13/04/2013,2013,15,TRUE,FALSE,TRUE,FALSE,TRUE,FALSE
201316,14/04/2013,18/04/2013,20/04/2013,2013,16,TRUE,FALSE,TRUE,FALSE,TRUE,FALSE
201317,21/04/2013,25/04/2013,27/04/2013,2013,17,TRUE,FALSE,TRUE,FALSE,TRUE,FALSE
201318,28/04/2013,02/05/2013,04/05/2013,2013,18,TRUE,FALSE,TRUE,FALSE,TRUE,FALSE
201319,05/05/2013,09/05/2013,11/05/2013,2013,19,TRUE,FALSE,TRUE,FALSE,TRUE,FALSE
201320,12/05/2013,16/05/2013,18/05/2013,2013,20,TRUE,FALSE,TRUE,FALSE,TRUE,FALSE
201321,19/05/2013,23/05/2013,25/05/2013,2013,21,TRUE,FALSE,TRUE,FALSE,TRUE,FALSE
201322,26/05/2013,30/05/2013,01/06/2013,2013,22,TRUE,FALSE,TRUE,FALSE,TRUE,FALSE
201323,02/06/2013,06/06/2013,08/06/2013,2013,23,TRUE,FALSE,TRUE,FALSE,TRUE,FALSE
201324,09/06/2013,13/06/2013,15/06/2013,2013,24,TRUE,FALSE,TRUE,FALSE,TRUE,FALSE
201325,16/06/2013,20/06/2013,22/06/2013,2013,25,TRUE,FALSE,TRUE,FALSE,TRUE,FALSE
201326,23/06/2013,27/06/2013,29/06/2013,2013,26,TRUE,FALSE,TRUE,FALSE,TRUE,FALSE
201327,30/06/2013,04/07/2013,06/07/2013,2013,27,TRUE,FALSE,TRUE,FALSE,TRUE,FALSE
201328,07/07/2013,11/07/2013,13/07/2013,2013,28,TRUE,FALSE,TRUE,FALSE,TRUE,FALSE
201329,14/07/2013,18/07/2013,20/07/2013,2013,29,TRUE,FALSE,TRUE,FALSE,TRUE,FALSE
201330,21/07/2013,25/07/2013,27/07/2013,2013,30,TRUE,FALSE,TRUE,FALSE,TRUE,FALSE
201331,28/07/2013,01/08/2013,03/08/2013,2013,31,TRUE,FALSE,TRUE,FALSE,TRUE,FALSE
201332,04/08/2013,08/08/2013,10/08/2013,2013,32,TRUE,FALSE,TRUE,FALSE,TRUE,FALSE
201333,11/08/2013,15/08/2013,17/08/2013,2013,33,TRUE,FALSE,TRUE,FALSE,TRUE,FALSE
201334,18/08/2013,22/08/2013,24/08/2013,2013,34,TRUE,FALSE,TRUE,FALSE,TRUE,FALSE
201335,25/08/2013,29/08/2013,31/08/2013,2013,35,TRUE,FALSE,TRUE,FALSE,TRUE,FALSE
201336,01/09/2013,05/09/2013,07/09/2013,2013,36,TRUE,FALSE,TRUE,FALSE,TRUE,FALSE
201337,08/09/2013,12/09/2013,14/09/2013,2013,37,TRUE,FALSE,TRUE,FALSE,TRUE,FALSE
201338,15/09/2013,19/09/2013,21/09/2013,2013,38,TRUE,FALSE,TRUE,FALSE,TRUE,FALSE
201339,22/09/2013,26/09/2013,28/09/2013,2013,39,TRUE,FALSE,TRUE,FALSE,TRUE,FALSE
201340,29/09/2013,03/10/2013,05/10/2013,2013,40,TRUE,FALSE,TRUE,FALSE,TRUE,FALSE
201341,06/10/2013,10/10/2013,12/10/2013,2013,41,TRUE,FALSE,TRUE,FALSE,TRUE,FALSE
201342,13/10/2013,17/10/2013,19/10/2013,2013,42,TRUE,FALSE,TRUE,FALSE,TRUE,FALSE
201343,20/10/2013,24/10/2013,26/10/2013,2013,43,TRUE,FALSE,TRUE,FALSE,TRUE,FALSE
201344,27/10/2013,31/10/2013,02/11/2013,2013,44,TRUE,FALSE,TRUE,FALSE,TRUE,FALSE
201345,03/11/2013,07/11/2013,09/11/2013,2013,45,TRUE,FALSE,TRUE,FALSE,TRUE,FALSE
201346,10/11/2013,14/11/2013,16/11/2013,2013,46,TRUE,FALSE,TRUE,FALSE,TRUE,FALSE
201347,17/11/2013,21/11/2013,23/11/2013,2013,47,TRUE,FALSE,TRUE,FALSE,TRUE,FALSE
201348,24/11/2013,28/11/2013,30/11/2013,2013,48,TRUE,FALSE,TRUE,FALSE,TRUE,FALSE
201349,01/12/2013,05/12/2013,07/12/2013,2013,49,TRUE,FALSE,TRUE,FALSE,TRUE,FALSE
201350,08/12/2013,12/12/2013,14/12/2013,2013,50,TRUE,FALSE,TRUE,FALSE,TRUE,FALSE
201351,15/12/2013,19/12/2013,21/12/2013,2013,51,TRUE,FALSE,TRUE,FALSE,TRUE,FALSE
201352,22/12/2013,26/12/2013,28/12/2013,2013,52,TRUE,FALSE,TRUE,FALSE,TRUE,FALSE
201401,29/12/2013,02/01/2014,04/01/2014,2014,1,TRUE,FALSE,TRUE,FALSE,TRUE,FALSE
201402,05/01/2014,09/01/2014,11/01/2014,2014,2,TRUE,FALSE,TRUE,FALSE,TRUE,FALSE
201403,12/01/2014,16/01/2014,18/01/2014,2014,3,TRUE,FALSE,TRUE,FALSE,TRUE,FALSE
201404,19/01/2014,23/01/2014,25/01/2014,2014,4,TRUE,FALSE,TRUE,FALSE,TRUE,FALSE
201405,26/01/2014,30/01/2014,01/02/2014,2014,5,TRUE,FALSE,TRUE,FALSE,TRUE,FALSE
201406,02/02/2014,06/02/2014,08/02/2014,2014,6,TRUE,FALSE,TRUE,FALSE,TRUE,FALSE
201407,09/02/2014,13/02/2014,15/02/2014,2014,7,TRUE,FALSE,TRUE,FALSE,TRUE,FALSE
201408,16/02/2014,20/02/2014,22/02/2014,2014,8,TRUE,FALSE,TRUE,FALSE,TRUE,FALSE
201409,23/02/2014,27/02/2014,01/03/2014,2014,9,TRUE,FALSE,TRUE,FALSE,TRUE,FALSE
201410,02/03/2014,06/03/2014,08/03/2014,2014,10,TRUE,FALSE,TRUE,FALSE,TRUE,FALSE
201411,09/03/2014,13/03/2014,15/03/2014,2014,11,TRUE,FALSE,TRUE,FALSE,TRUE,FALSE
201412,16/03/2014,20/03/2014,22/03/2014,2014,12,TRUE,FALSE,TRUE,FALSE,TRUE,FALSE
201413,23/03/2014,27/03/2014,29/03/2014,2014,13,TRUE,FALSE,TRUE,FALSE,TRUE,FALSE
201414,30/03/2014,03/04/2014,05/04/2014,2014,14,TRUE,FALSE,TRUE,FALSE,TRUE,FALSE
201415,06/04/2014,10/04/2014,12/04/2014,2014,15,TRUE,FALSE,TRUE,FALSE,TRUE,FALSE
201416,13/04/2014,17/04/2014,19/04/2014,2014,16,TRUE,FALSE,TRUE,FALSE,TRUE,FALSE
201417,20/04/2014,24/04/2014,26/04/2014,2014,17,TRUE,FALSE,TRUE,FALSE,TRUE,FALSE
201418,27/04/2014,01/05/2014,03/05/2014,2014,18,TRUE,FALSE,TRUE,FALSE,TRUE,FALSE
201419,04/05/2014,08/05/2014,10/05/2014,2014,19,TRUE,FALSE,TRUE,FALSE,TRUE,FALSE
201420,11/05/2014,15/05/2014,17/05/2014,2014,20,TRUE,FALSE,TRUE,FALSE,TRUE,FALSE
201421,18/05/2014,22/05/2014,24/05/2014,2014,21,TRUE,FALSE,TRUE,FALSE,TRUE,FALSE
201422,25/05/2014,29/05/2014,31/05/2014,2014,22,TRUE,FALSE,TRUE,FALSE,TRUE,FALSE
201423,01/06/2014,05/06/2014,07/06/2014,2014,23,TRUE,FALSE,TRUE,FALSE,TRUE,FALSE
201424,08/06/2014,12/06/2014,14/06/2014,2014,24,TRUE,FALSE,TRUE,FALSE,TRUE,FALSE
201425,15/06/2014,19/06/2014,21/06/2014,2014,25,TRUE,FALSE,TRUE,FALSE,TRUE,FALSE
201426,22/06/2014,26/06/2014,28/06/2014,2014,26,TRUE,FALSE,TRUE,FALSE,TRUE,FALSE
201427,29/06/2014,03/07/2014,05/07/2014,2014,27,TRUE,FALSE,TRUE,FALSE,TRUE,FALSE
201428,06/07/2014,10/07/2014,12/07/2014,2014,28,TRUE,FALSE,TRUE,FALSE,TRUE,FALSE
201429,13/07/2014,17/07/2014,19/07/2014,2014,29,TRUE,FALSE,TRUE,FALSE,TRUE,FALSE
201430,20/07/2014,24/07/2014,26/07/2014,2014,30,TRUE,FALSE,TRUE,FALSE,TRUE,FALSE
201431,27/07/2014,31/07/2014,02/08/2014,2014,31,TRUE,FALSE,TRUE,FALSE,TRUE,FALSE
201432,03/08/2014,07/08/2014,09/08/2014,2014,32,TRUE,FALSE,TRUE,FALSE,TRUE,FALSE
201433,10/08/2014,14/08/2014,16/08/2014,2014,33,TRUE,FALSE,TRUE,FALSE,TRUE,FALSE
201434,17/08/2014,21/08/2014,23/08/2014,2014,34,TRUE,FALSE,TRUE,FALSE,TRUE,FALSE
201435,24/08/2014,28/08/2014,30/08/2014,2014,35,TRUE,FALSE,TRUE,FALSE,TRUE,FALSE
201436,31/08/2014,04/09/2014,06/09/2014,2014,36,TRUE,FALSE,TRUE,FALSE,TRUE,FALSE
201437,07/09/2014,11/09/2014,13/09/2014,2014,37,TRUE,FALSE,TRUE,FALSE,TRUE,FALSE
201438,14/09/2014,18/09/2014,20/09/2014,2014,38,TRUE,FALSE,TRUE,FALSE,TRUE,FALSE
201439,21/09/2014,25/09/2014,27/09/2014,2014,39,TRUE,FALSE,TRUE,FALSE,TRUE,FALSE
201440,28/09/2014,02/10/2014,04/10/2014,2014,40,TRUE,FALSE,TRUE,FALSE,TRUE,FALSE
201441,05/10/2014,09/10/2014,11/10/2014,2014,41,TRUE,FALSE,TRUE,FALSE,TRUE,FALSE
201442,12/10/2014,16/10/2014,18/10/2014,2014,42,TRUE,FALSE,TRUE,FALSE,TRUE,FALSE
201443,19/10/2014,23/10/2014,25/10/2014,2014,43,TRUE,FALSE,TRUE,FALSE,TRUE,FALSE
201444,26/10/2014,30/10/2014,01/11/2014,2014,44,TRUE,FALSE,TRUE,FALSE,TRUE,FALSE
201445,02/11/2014,06/11/2014,08/11/2014,2014,45,TRUE,FALSE,TRUE,FALSE,TRUE,FALSE
201446,09/11/2014,13/11/2014,15/11/2014,2014,46,TRUE,FALSE,TRUE,FALSE,TRUE,FALSE
201447,16/11/2014,20/11/2014,22/11/2014,2014,47,TRUE,FALSE,TRUE,FALSE,TRUE,FALSE
201448,23/11/2014,27/11/2014,29/11/2014,2014,48,TRUE,FALSE,TRUE,FALSE,TRUE,FALSE
201449,30/11/2014,04/12/2014,06/12/2014,2014,49,TRUE,FALSE,TRUE,FALSE,TRUE,FALSE
201450,07/12/2014,11/12/2014,13/12/2014,2014,50,TRUE,FALSE,TRUE,FALSE,TRUE,FALSE
201451,14/12/2014,18/12/2014,20/12/2014,2014,51,TRUE,FALSE,TRUE,FALSE,TRUE,FALSE
201452,21/12/2014,25/12/2014,27/12/2014,2014,52,TRUE,FALSE,TRUE,FALSE,TRUE,FALSE
201453,28/12/2014,01/01/2015,03/01/2015,2014,53,TRUE,FALSE,TRUE,FALSE,TRUE,FALSE
201501,04/01/2015,08/01/2015,10/01/2015,2015,1,TRUE,FALSE,TRUE,FALSE,TRUE,FALSE
201502,11/01/2015,15/01/2015,17/01/2015,2015,2,TRUE,FALSE,TRUE,FALSE,TRUE,FALSE
201503,18/01/2015,22/01/2015,24/01/2015,2015,3,TRUE,FALSE,TRUE,FALSE,TRUE,FALSE
201504,25/01/2015,29/01/2015,31/01/2015,2015,4,TRUE,FALSE,TRUE,FALSE,TRUE,FALSE
201505,01/02/2015,05/02/2015,07/02/2015,2015,5,TRUE,FALSE,TRUE,FALSE,TRUE,FALSE
201506,08/02/2015,12/02/2015,14/02/2015,2015,6,TRUE,FALSE,TRUE,FALSE,TRUE,FALSE
201507,15/02/2015,19/02/2015,21/02/2015,2015,7,TRUE,FALSE,TRUE,FALSE,TRUE,FALSE
201508,22/02/2015,26/02/2015,28/02/2015,2015,8,TRUE,FALSE,TRUE,FALSE,TRUE,FALSE
201509,01/03/2015,05/03/2015,07/03/2015,2015,9,TRUE,FALSE,TRUE,FALSE,TRUE,FALSE
201510,08/03/2015,12/03/2015,14/03/2015,2015,10,TRUE,FALSE,TRUE,FALSE,TRUE,FALSE
201511,15/03/2015,19/03/2015,21/03/2015,2015,11,TRUE,FALSE,TRUE,FALSE,TRUE,FALSE
201512,22/03/2015,26/03/2015,28/03/2015,2015,12,TRUE,FALSE,TRUE,FALSE,TRUE,FALSE
201513,29/03/2015,02/04/2015,04/04/2015,2015,13,TRUE,FALSE,TRUE,FALSE,TRUE,FALSE
201514,05/04/2015,09/04/2015,11/04/2015,2015,14,TRUE,FALSE,TRUE,FALSE,TRUE,FALSE
201515,12/04/2015,16/04/2015,18/04/2015,2015,15,TRUE,FALSE,TRUE,FALSE,TRUE,FALSE
201516,19/04/2015,23/04/2015,25/04/2015,2015,16,TRUE,FALSE,TRUE,FALSE,TRUE,FALSE
201517,26/04/2015,30/04/2015,02/05/2015,2015,17,TRUE,FALSE,TRUE,FALSE,TRUE,FALSE
201518,03/05/2015,07/05/2015,09/05/2015,2015,18,TRUE,FALSE,TRUE,FALSE,TRUE,FALSE
201519,10/05/2015,14/05/2015,16/05/2015,2015,19,TRUE,FALSE,TRUE,FALSE,TRUE,FALSE
201520,17/05/2015,21/05/2015,23/05/2015,2015,20,TRUE,FALSE,TRUE,FALSE,TRUE,FALSE
201521,24/05/2015,28/05/2015,30/05/2015,2015,21,TRUE,FALSE,TRUE,FALSE,TRUE,FALSE
201522,31/05/2015,04/06/2015,06/06/2015,2015,22,TRUE,FALSE,TRUE,FALSE,TRUE,FALSE
201523,07/06/2015,11/06/2015,13/06/2015,2015,23,TRUE,FALSE,TRUE,FALSE,TRUE,FALSE
201524,14/06/2015,18/06/2015,20/06/2015,2015,24,TRUE,FALSE,TRUE,FALSE,TRUE,FALSE
201525,21/06/2015,25/06/2015,27/06/2015,2015,25,TRUE,FALSE,TRUE,FALSE,TRUE,FALSE
201526,28/06/2015,02/07/2015,04/07/2015,2015,26,TRUE,FALSE,TRUE,FALSE,TRUE,FALSE
201527,05/07/2015,09/07/2015,11/07/2015,2015,27,TRUE,FALSE,TRUE,FALSE,TRUE,FALSE
201528,12/07/2015,16/07/2015,18/07/2015,2015,28,TRUE,FALSE,TRUE,FALSE,TRUE,FALSE
201529,19/07/2015,23/07/2015,25/07/2015,2015,29,TRUE,FALSE,TRUE,FALSE,TRUE,FALSE
201530,26/07/2015,30/07/2015,01/08/2015,2015,30,TRUE,FALSE,TRUE,FALSE,TRUE,FALSE
201531,02/08/2015,06/08/2015,08/08/2015,2015,31,TRUE,FALSE,TRUE,FALSE,TRUE,FALSE
201532,09/08/2015,13/08/2015,15/08/2015,2015,32,TRUE,FALSE,TRUE,FALSE,TRUE,FALSE
201533,16/08/2015,20/08/2015,22/08/2015,2015,33,TRUE,FALSE,TRUE,FALSE,TRUE,FALSE
201534,23/08/2015,27/08/2015,29/08/2015,2015,34,TRUE,FALSE,TRUE,FALSE,TRUE,FALSE
201535,30/08/2015,03/09/2015,05/09/2015,2015,35,TRUE,FALSE,TRUE,FALSE,TRUE,FALSE
201536,06/09/2015,10/09/2015,12/09/2015,2015,36,TRUE,FALSE,TRUE,FALSE,TRUE,FALSE
201537,13/09/2015,17/09/2015,19/09/2015,2015,37,TRUE,FALSE,TRUE,FALSE,TRUE,FALSE
201538,20/09/2015,24/09/2015,26/09/2015,2015,38,TRUE,FALSE,TRUE,FALSE,TRUE,FALSE
201539,27/09/2015,01/10/2015,03/10/2015,2015,39,TRUE,FALSE,TRUE,FALSE,TRUE,FALSE
201540,04/10/2015,08/10/2015,10/10/2015,2015,40,TRUE,FALSE,TRUE,FALSE,TRUE,FALSE
201541,11/10/2015,15/10/2015,17/10/2015,2015,41,TRUE,FALSE,TRUE,FALSE,TRUE,FALSE
201542,18/10/2015,22/10/2015,24/10/2015,2015,42,TRUE,FALSE,TRUE,FALSE,TRUE,FALSE
201543,25/10/2015,29/10/2015,31/10/2015,2015,43,TRUE,FALSE,TRUE,FALSE,TRUE,FALSE
201544,01/11/2015,05/11/2015,07/11/2015,2015,44,TRUE,FALSE,TRUE,FALSE,TRUE,FALSE
201545,08/11/2015,12/11/2015,14/11/2015,2015,45,TRUE,FALSE,TRUE,FALSE,TRUE,FALSE
201546,15/11/2015,19/11/2015,21/11/2015,2015,46,TRUE,FALSE,TRUE,FALSE,TRUE,FALSE
201547,22/11/2015,26/11/2015,28/11/2015,2015,47,TRUE,FALSE,TRUE,FALSE,TRUE,FALSE
201548,29/11/2015,03/12/2015,05/12/2015,2015,48,TRUE,FALSE,TRUE,FALSE,TRUE,FALSE
201549,06/12/2015,10/12/2015,12/12/2015,2015,49,TRUE,FALSE,TRUE,FALSE,TRUE,FALSE
201550,13/12/2015,17/12/2015,19/12/2015,2015,50,TRUE,FALSE,TRUE,FALSE,TRUE,FALSE
201551,20/12/2015,24/12/2015,26/12/2015,2015,51,TRUE,FALSE,TRUE,FALSE,TRUE,FALSE
201552,27/12/2015,31/12/2015,02/01/2016,2015,52,TRUE,FALSE,TRUE,FALSE,TRUE,FALSE
201601,03/01/2016,07/01/2016,09/01/2016,2016,1,TRUE,FALSE,TRUE,FALSE,TRUE,FALSE
201602,10/01/2016,14/01/2016,16/01/2016,2016,2,TRUE,FALSE,TRUE,FALSE,TRUE,FALSE
201603,17/01/2016,21/01/2016,23/01/2016,2016,3,TRUE,FALSE,TRUE,FALSE,TRUE,FALSE
201604,24/01/2016,28/01/2016,30/01/2016,2016,4,TRUE,FALSE,TRUE,FALSE,TRUE,FALSE
201605,31/01/2016,04/02/2016,06/02/2016,2016,5,TRUE,FALSE,TRUE,FALSE,TRUE,FALSE
201606,07/02/2016,11/02/2016,13/02/2016,2016,6,TRUE,FALSE,TRUE,FALSE,TRUE,FALSE
201607,14/02/2016,18/02/2016,20/02/2016,2016,7,TRUE,FALSE,TRUE,FALSE,TRUE,FALSE
201608,21/02/2016,25/02/2016,27/02/2016,2016,8,TRUE,FALSE,TRUE,FALSE,TRUE,FALSE
201609,28/02/2016,03/03/2016,05/03/2016,2016,9,TRUE,FALSE,TRUE,FALSE,TRUE,FALSE
201610,06/03/2016,10/03/2016,12/03/2016,2016,10,TRUE,FALSE,TRUE,FALSE,TRUE,FALSE
201611,13/03/2016,17/03/2016,19/03/2016,2016,11,TRUE,FALSE,TRUE,FALSE,TRUE,FALSE
201612,20/03/2016,24/03/2016,26/03/2016,2016,12,TRUE,FALSE,TRUE,FALSE,TRUE,FALSE
201613,27/03/2016,31/03/2016,02/04/2016,2016,13,TRUE,FALSE,TRUE,FALSE,TRUE,FALSE
201614,03/04/2016,07/04/2016,09/04/2016,2016,14,TRUE,FALSE,TRUE,FALSE,TRUE,FALSE
201615,10/04/2016,14/04/2016,16/04/2016,2016,15,TRUE,FALSE,TRUE,FALSE,TRUE,FALSE
201616,17/04/2016,21/04/2016,23/04/2016,2016,16,TRUE,FALSE,TRUE,FALSE,TRUE,FALSE
201617,24/04/2016,28/04/2016,30/04/2016,2016,17,TRUE,FALSE,TRUE,FALSE,TRUE,FALSE
201618,01/05/2016,05/05/2016,07/05/2016,2016,18,TRUE,FALSE,TRUE,FALSE,TRUE,FALSE
201619,08/05/2016,12/05/2016,14/05/2016,2016,19,TRUE,FALSE,TRUE,FALSE,TRUE,FALSE
201620,15/05/2016,19/05/2016,21/05/2016,2016,20,TRUE,FALSE,TRUE,FALSE,TRUE,FALSE
201621,22/05/2016,26/05/2016,28/05/2016,2016,21,TRUE,FALSE,TRUE,FALSE,TRUE,FALSE
201622,29/05/2016,02/06/2016,04/06/2016,2016,22,TRUE,FALSE,TRUE,FALSE,TRUE,FALSE
201623,05/06/2016,09/06/2016,11/06/2016,2016,23,TRUE,FALSE,TRUE,FALSE,TRUE,FALSE
201624,12/06/2016,16/06/2016,18/06/2016,2016,24,TRUE,FALSE,TRUE,FALSE,TRUE,FALSE
201625,19/06/2016,23/06/2016,25/06/2016,2016,25,TRUE,FALSE,TRUE,FALSE,TRUE,FALSE
201626,26/06/2016,30/06/2016,02/07/2016,2016,26,TRUE,FALSE,TRUE,FALSE,TRUE,FALSE
201627,03/07/2016,07/07/2016,09/07/2016,2016,27,TRUE,FALSE,TRUE,FALSE,TRUE,FALSE
201628,10/07/2016,14/07/2016,16/07/2016,2016,28,TRUE,FALSE,TRUE,FALSE,TRUE,FALSE
201629,17/07/2016,21/07/2016,23/07/2016,2016,29,TRUE,FALSE,TRUE,FALSE,TRUE,FALSE
201630,24/07/2016,28/07/2016,30/07/2016,2016,30,TRUE,FALSE,TRUE,FALSE,TRUE,FALSE
201631,31/07/2016,04/08/2016,06/08/2016,2016,31,TRUE,FALSE,TRUE,FALSE,TRUE,FALSE
201632,07/08/2016,11/08/2016,13/08/2016,2016,32,TRUE,FALSE,TRUE,FALSE,TRUE,FALSE
201633,14/08/2016,18/08/2016,20/08/2016,2016,33,TRUE,FALSE,TRUE,FALSE,TRUE,FALSE
201634,21/08/2016,25/08/2016,27/08/2016,2016,34,TRUE,FALSE,TRUE,FALSE,TRUE,FALSE
201635,28/08/2016,01/09/2016,03/09/2016,2016,35,TRUE,FALSE,TRUE,FALSE,TRUE,FALSE
201636,04/09/2016,08/09/2016,10/09/2016,2016,36,TRUE,FALSE,TRUE,FALSE,TRUE,FALSE
201637,11/09/2016,15/09/2016,17/09/2016,2016,37,TRUE,FALSE,TRUE,FALSE,TRUE,FALSE
201638,18/09/2016,22/09/2016,24/09/2016,2016,38,TRUE,FALSE,TRUE,FALSE,TRUE,FALSE
201639,25/09/2016,29/09/2016,01/10/2016,2016,39,TRUE,FALSE,TRUE,FALSE,TRUE,FALSE
201640,02/10/2016,06/10/2016,08/10/2016,2016,40,TRUE,FALSE,TRUE,FALSE,TRUE,FALSE
201641,09/10/2016,13/10/2016,15/10/2016,2016,41,TRUE,FALSE,TRUE,FALSE,TRUE,FALSE
201642,16/10/2016,20/10/2016,22/10/2016,2016,42,TRUE,FALSE,TRUE,FALSE,TRUE,FALSE
201643,23/10/2016,27/10/2016,29/10/2016,2016,43,TRUE,FALSE,TRUE,FALSE,TRUE,FALSE
201644,30/10/2016,03/11/2016,05/11/2016,2016,44,TRUE,FALSE,TRUE,FALSE,TRUE,FALSE
201645,06/11/2016,10/11/2016,12/11/2016,2016,45,TRUE,FALSE,TRUE,FALSE,TRUE,FALSE
201646,13/11/2016,17/11/2016,19/11/2016,2016,46,TRUE,FALSE,TRUE,FALSE,TRUE,FALSE
201647,20/11/2016,24/11/2016,26/11/2016,2016,47,TRUE,FALSE,TRUE,FALSE,TRUE,FALSE
201648,27/11/2016,01/12/2016,03/12/2016,2016,48,TRUE,FALSE,TRUE,FALSE,TRUE,FALSE
201649,04/12/2016,08/12/2016,10/12/2016,2016,49,TRUE,FALSE,TRUE,FALSE,TRUE,FALSE
201650,11/12/2016,15/12/2016,17/12/2016,2016,50,TRUE,FALSE,TRUE,FALSE,TRUE,FALSE
201651,18/12/2016,22/12/2016,24/12/2016,2016,51,TRUE,FALSE,TRUE,FALSE,TRUE,FALSE
201652,25/12/2016,29/12/2016,31/12/2016,2016,52,TRUE,FALSE,TRUE,FALSE,TRUE,FALSE
201701,01/01/2017,05/01/2017,07/01/2017,2017,1,TRUE,FALSE,TRUE,FALSE,TRUE,FALSE
201702,08/01/2017,12/01/2017,14/01/2017,2017,2,TRUE,FALSE,TRUE,FALSE,TRUE,FALSE
201703,15/01/2017,19/01/2017,21/01/2017,2017,3,TRUE,FALSE,TRUE,FALSE,TRUE,FALSE
201704,22/01/2017,26/01/2017,28/01/2017,2017,4,TRUE,FALSE,TRUE,FALSE,TRUE,FALSE
201705,29/01/2017,02/02/2017,04/02/2017,2017,5,TRUE,FALSE,TRUE,FALSE,TRUE,FALSE
201706,05/02/2017,09/02/2017,11/02/2017,2017,6,TRUE,FALSE,TRUE,FALSE,TRUE,FALSE
201707,12/02/2017,16/02/2017,18/02/2017,2017,7,TRUE,FALSE,TRUE,FALSE,TRUE,FALSE
201708,19/02/2017,23/02/2017,25/02/2017,2017,8,TRUE,FALSE,TRUE,FALSE,TRUE,FALSE
201709,26/02/2017,02/03/2017,04/03/2017,2017,9,TRUE,FALSE,TRUE,FALSE,TRUE,FALSE
201710,05/03/2017,09/03/2017,11/03/2017,2017,10,TRUE,FALSE,TRUE,FALSE,TRUE,FALSE
201711,12/03/2017,16/03/2017,18/03/2017,2017,11,TRUE,FALSE,TRUE,FALSE,TRUE,FALSE
201712,19/03/2017,23/03/2017,25/03/2017,2017,12,TRUE,FALSE,TRUE,FALSE,TRUE,FALSE
201713,26/03/2017,30/03/2017,01/04/2017,2017,13,TRUE,FALSE,TRUE,FALSE,TRUE,FALSE
201714,02/04/2017,06/04/2017,08/04/2017,2017,14,TRUE,FALSE,TRUE,FALSE,TRUE,FALSE
201715,09/04/2017,13/04/2017,15/04/2017,2017,15,TRUE,FALSE,TRUE,FALSE,TRUE,FALSE
201716,16/04/2017,20/04/2017,22/04/2017,2017,16,TRUE,FALSE,TRUE,FALSE,TRUE,FALSE
201717,23/04/2017,27/04/2017,29/04/2017,2017,17,TRUE,FALSE,TRUE,FALSE,TRUE,FALSE
201718,30/04/2017,04/05/2017,06/05/2017,2017,18,TRUE,FALSE,TRUE,FALSE,TRUE,FALSE
201719,07/05/2017,11/05/2017,13/05/2017,2017,19,TRUE,FALSE,TRUE,FALSE,TRUE,FALSE
201720,14/05/2017,18/05/2017,20/05/2017,2017,20,TRUE,FALSE,TRUE,FALSE,TRUE,FALSE
201721,21/05/2017,25/05/2017,27/05/2017,2017,21,TRUE,FALSE,TRUE,FALSE,TRUE,FALSE
201722,28/05/2017,01/06/2017,03/06/2017,2017,22,TRUE,FALSE,TRUE,FALSE,TRUE,FALSE
201723,04/06/2017,08/06/2017,10/06/2017,2017,23,TRUE,FALSE,TRUE,FALSE,TRUE,FALSE
201724,11/06/2017,15/06/2017,17/06/2017,2017,24,TRUE,FALSE,TRUE,FALSE,TRUE,FALSE
201725,18/06/2017,22/06/2017,24/06/2017,2017,25,TRUE,FALSE,TRUE,FALSE,TRUE,FALSE
201726,25/06/2017,29/06/2017,01/07/2017,2017,26,TRUE,FALSE,TRUE,FALSE,TRUE,FALSE
201727,02/07/2017,06/07/2017,08/07/2017,2017,27,TRUE,FALSE,TRUE,FALSE,TRUE,FALSE
201728,09/07/2017,13/07/2017,15/07/2017,2017,28,TRUE,FALSE,TRUE,FALSE,TRUE,FALSE
201729,16/07/2017,20/07/2017,22/07/2017,2017,29,TRUE,FALSE,TRUE,FALSE,TRUE,FALSE
201730,23/07/2017,27/07/2017,29/07/2017,2017,30,TRUE,FALSE,TRUE,FALSE,TRUE,FALSE
201731,30/07/2017,03/08/2017,05/08/2017,2017,31,TRUE,FALSE,TRUE,FALSE,TRUE,FALSE
201732,06/08/2017,10/08/2017,12/08/2017,2017,32,TRUE,FALSE,TRUE,FALSE,TRUE,FALSE
201733,13/08/2017,17/08/2017,19/08/2017,2017,33,TRUE,FALSE,TRUE,FALSE,TRUE,FALSE
201734,20/08/2017,24/08/2017,26/08/2017,2017,34,TRUE,FALSE,TRUE,FALSE,TRUE,FALSE
201735,27/08/2017,31/08/2017,02/09/2017,2017,35,TRUE,FALSE,TRUE,FALSE,TRUE,FALSE
201736,03/09/2017,07/09/2017,09/09/2017,2017,36,TRUE,FALSE,TRUE,FALSE,TRUE,FALSE
201737,10/09/2017,14/09/2017,16/09/2017,2017,37,TRUE,FALSE,TRUE,FALSE,TRUE,FALSE
201738,17/09/2017,21/09/2017,23/09/2017,2017,38,TRUE,FALSE,TRUE,FALSE,TRUE,FALSE
201739,24/09/2017,28/09/2017,30/09/2017,2017,39,TRUE,FALSE,TRUE,FALSE,TRUE,FALSE
201740,01/10/2017,05/10/2017,07/10/2017,2017,40,TRUE,FALSE,TRUE,FALSE,TRUE,FALSE
201741,08/10/2017,12/10/2017,14/10/2017,2017,41,TRUE,FALSE,TRUE,FALSE,TRUE,FALSE
201742,15/10/2017,19/10/2017,21/10/2017,2017,42,TRUE,FALSE,TRUE,FALSE,TRUE,FALSE
201743,22/10/2017,26/10/2017,28/10/2017,2017,43,TRUE,FALSE,TRUE,FALSE,TRUE,FALSE
201744,29/10/2017,02/11/2017,04/11/2017,2017,44,TRUE,FALSE,TRUE,FALSE,TRUE,FALSE
201745,05/11/2017,09/11/2017,11/11/2017,2017,45,TRUE,FALSE,TRUE,FALSE,TRUE,FALSE
201746,12/11/2017,16/11/2017,18/11/2017,2017,46,TRUE,FALSE,TRUE,FALSE,TRUE,FALSE
201747,19/11/2017,23/11/2017,25/11/2017,2017,47,TRUE,FALSE,TRUE,FALSE,TRUE,FALSE
201748,26/11/2017,30/11/2017,02/12/2017,2017,48,TRUE,FALSE,TRUE,FALSE,TRUE,FALSE
201749,03/12/2017,07/12/2017,09/12/2017,2017,49,TRUE,FALSE,TRUE,FALSE,TRUE,FALSE
201750,10/12/2017,14/12/2017,16/12/2017,2017,50,TRUE,FALSE,TRUE,FALSE,TRUE,FALSE
201751,17/12/2017,21/12/2017,23/12/2017,2017,51,TRUE,FALSE,TRUE,FALSE,TRUE,FALSE
201752,24/12/2017,28/12/2017,30/12/2017,2017,52,TRUE,FALSE,TRUE,FALSE,TRUE,FALSE
201801,31/12/2017,04/01/2018,06/01/2018,2018,1,TRUE,FALSE,TRUE,FALSE,TRUE,FALSE
201802,07/01/2018,11/01/2018,13/01/2018,2018,2,TRUE,FALSE,TRUE,FALSE,TRUE,FALSE
201803,14/01/2018,18/01/2018,20/01/2018,2018,3,TRUE,FALSE,TRUE,FALSE,TRUE,FALSE
201804,21/01/2018,25/01/2018,27/01/2018,2018,4,TRUE,FALSE,TRUE,FALSE,TRUE,FALSE
201805,28/01/2018,01/02/2018,03/02/2018,2018,5,TRUE,FALSE,TRUE,FALSE,TRUE,FALSE
201806,04/02/2018,08/02/2018,10/02/2018,2018,6,TRUE,FALSE,TRUE,FALSE,TRUE,FALSE
201807,11/02/2018,15/02/2018,17/02/2018,2018,7,TRUE,FALSE,TRUE,FALSE,TRUE,FALSE
201808,18/02/2018,22/02/2018,24/02/2018,2018,8,TRUE,FALSE,TRUE,FALSE,TRUE,FALSE
201809,25/02/2018,01/03/2018,03/03/2018,2018,9,TRUE,FALSE,TRUE,FALSE,TRUE,FALSE
201810,04/03/2018,08/03/2018,10/03/2018,2018,10,TRUE,FALSE,TRUE,FALSE,TRUE,FALSE
201811,11/03/2018,15/03/2018,17/03/2018,2018,11,TRUE,FALSE,TRUE,FALSE,TRUE,FALSE
201812,18/03/2018,22/03/2018,24/03/2018,2018,12,TRUE,FALSE,TRUE,FALSE,TRUE,FALSE
201813,25/03/2018,29/03/2018,31/03/2018,2018,13,TRUE,FALSE,TRUE,FALSE,TRUE,FALSE
201814,01/04/2018,05/04/2018,07/04/2018,2018,14,TRUE,FALSE,TRUE,FALSE,TRUE,FALSE
201815,08/04/2018,12/04/2018,14/04/2018,2018,15,TRUE,FALSE,TRUE,FALSE,TRUE,FALSE
201816,15/04/2018,19/04/2018,21/04/2018,2018,16,TRUE,FALSE,TRUE,FALSE,TRUE,FALSE
201817,22/04/2018,26/04/2018,28/04/2018,2018,17,TRUE,FALSE,TRUE,FALSE,TRUE,FALSE
201818,29/04/2018,03/05/2018,05/05/2018,2018,18,TRUE,FALSE,TRUE,FALSE,TRUE,FALSE
201819,06/05/2018,10/05/2018,12/05/2018,2018,19,TRUE,FALSE,TRUE,FALSE,TRUE,FALSE
201820,13/05/2018,17/05/2018,19/05/2018,2018,20,TRUE,FALSE,TRUE,FALSE,TRUE,FALSE
201821,20/05/2018,24/05/2018,26/05/2018,2018,21,TRUE,FALSE,TRUE,FALSE,TRUE,FALSE
201822,27/05/2018,31/05/2018,02/06/2018,2018,22,TRUE,FALSE,TRUE,FALSE,TRUE,FALSE
201823,03/06/2018,07/06/2018,09/06/2018,2018,23,TRUE,FALSE,TRUE,FALSE,TRUE,FALSE
201824,10/06/2018,14/06/2018,16/06/2018,2018,24,TRUE,FALSE,TRUE,FALSE,TRUE,FALSE
201825,17/06/2018,21/06/2018,23/06/2018,2018,25,TRUE,FALSE,TRUE,FALSE,TRUE,FALSE
201826,24/06/2018,28/06/2018,30/06/2018,2018,26,TRUE,FALSE,TRUE,FALSE,TRUE,FALSE
201827,01/07/2018,05/07/2018,07/07/2018,2018,27,TRUE,FALSE,TRUE,FALSE,TRUE,FALSE
201828,08/07/2018,12/07/2018,14/07/2018,2018,28,TRUE,FALSE,TRUE,FALSE,TRUE,FALSE
201829,15/07/2018,19/07/2018,21/07/2018,2018,29,TRUE,FALSE,TRUE,FALSE,TRUE,FALSE
201830,22/07/2018,26/07/2018,28/07/2018,2018,30,TRUE,FALSE,TRUE,FALSE,TRUE,FALSE
201831,29/07/2018,02/08/2018,04/08/2018,2018,31,TRUE,FALSE,TRUE,FALSE,TRUE,FALSE
201832,05/08/2018,09/08/2018,11/08/2018,2018,32,TRUE,FALSE,TRUE,FALSE,TRUE,FALSE
201833,12/08/2018,16/08/2018,18/08/2018,2018,33,TRUE,FALSE,TRUE,FALSE,TRUE,FALSE
201834,19/08/2018,23/08/2018,25/08/2018,2018,34,TRUE,FALSE,TRUE,FALSE,TRUE,FALSE
201835,26/08/2018,30/08/2018,01/09/2018,2018,35,TRUE,FALSE,TRUE,FALSE,TRUE,FALSE
201836,02/09/2018,06/09/2018,08/09/2018,2018,36,TRUE,FALSE,TRUE,FALSE,TRUE,FALSE
201837,09/09/2018,13/09/2018,15/09/2018,2018,37,TRUE,FALSE,TRUE,FALSE,TRUE,FALSE
201838,16/09/2018,20/09/2018,22/09/2018,2018,38,TRUE,FALSE,TRUE,FALSE,TRUE,FALSE
201839,23/09/2018,27/09/2018,29/09/2018,2018,39,TRUE,FALSE,TRUE,FALSE,TRUE,FALSE
201840,30/09/2018,04/10/2018,06/10/2018,2018,40,TRUE,FALSE,TRUE,FALSE,TRUE,FALSE
201841,07/10/2018,11/10/2018,13/10/2018,2018,41,TRUE,FALSE,TRUE,FALSE,TRUE,FALSE
201842,14/10/2018,18/10/2018,20/10/2018,2018,42,TRUE,FALSE,TRUE,FALSE,TRUE,FALSE
201843,21/10/2018,25/10/2018,27/10/2018,2018,43,TRUE,FALSE,TRUE,FALSE,TRUE,FALSE
201844,28/10/2018,01/11/2018,03/11/2018,2018,44,TRUE,FALSE,TRUE,FALSE,TRUE,FALSE
201845,04/11/2018,08/11/2018,10/11/2018,2018,45,TRUE,FALSE,TRUE,FALSE,TRUE,FALSE
201846,11/11/2018,15/11/2018,17/11/2018,2018,46,TRUE,FALSE,TRUE,FALSE,TRUE,FALSE
201847,18/11/2018,22/11/2018,24/11/2018,2018,47,TRUE,FALSE,TRUE,FALSE,TRUE,FALSE
201848,25/11/2018,29/11/2018,01/12/2018,2018,48,TRUE,FALSE,TRUE,FALSE,TRUE,FALSE
201849,02/12/2018,06/12/2018,08/12/2018,2018,49,TRUE,FALSE,TRUE,FALSE,TRUE,FALSE
201850,09/12/2018,13/12/2018,15/12/2018,2018,50,TRUE,FALSE,TRUE,FALSE,TRUE,FALSE
201851,16/12/2018,20/12/2018,22/12/2018,2018,51,TRUE,FALSE,TRUE,FALSE,TRUE,FALSE
201852,23/12/2018,27/12/2018,29/12/2018,2018,52,TRUE,FALSE,TRUE,FALSE,TRUE,FALSE
201901,30/12/2018,03/01/2019,05/01/2019,2019,1,TRUE,FALSE,TRUE,FALSE,TRUE,FALSE
201902,06/01/2019,10/01/2019,12/01/2019,2019,2,TRUE,FALSE,TRUE,FALSE,TRUE,FALSE
201903,13/01/2019,17/01/2019,19/01/2019,2019,3,TRUE,FALSE,TRUE,FALSE,TRUE,FALSE
201904,20/01/2019,24/01/2019,26/01/2019,2019,4,TRUE,FALSE,TRUE,FALSE,TRUE,FALSE
201905,27/01/2019,31/01/2019,02/02/2019,2019,5,TRUE,FALSE,TRUE,FALSE,TRUE,FALSE
201906,03/02/2019,07/02/2019,09/02/2019,2019,6,TRUE,FALSE,TRUE,FALSE,TRUE,FALSE
201907,10/02/2019,14/02/2019,16/02/2019,2019,7,TRUE,FALSE,TRUE,FALSE,TRUE,FALSE
201908,17/02/2019,21/02/2019,23/02/2019,2019,8,TRUE,FALSE,TRUE,FALSE,TRUE,FALSE
201909,24/02/2019,28/02/2019,02/03/2019,2019,9,TRUE,FALSE,TRUE,FALSE,TRUE,FALSE
201910,03/03/2019,07/03/2019,09/03/2019,2019,10,TRUE,FALSE,TRUE,FALSE,TRUE,FALSE
201911,10/03/2019,14/03/2019,16/03/2019,2019,11,TRUE,FALSE,TRUE,FALSE,TRUE,FALSE
201912,17/03/2019,21/03/2019,23/03/2019,2019,12,TRUE,FALSE,TRUE,FALSE,TRUE,FALSE
201913,24/03/2019,28/03/2019,30/03/2019,2019,13,TRUE,FALSE,TRUE,FALSE,TRUE,FALSE
201914,31/03/2019,04/04/2019,06/04/2019,2019,14,TRUE,FALSE,TRUE,FALSE,TRUE,FALSE
201915,07/04/2019,11/04/2019,13/04/2019,2019,15,TRUE,FALSE,TRUE,FALSE,TRUE,FALSE
201916,14/04/2019,18/04/2019,20/04/2019,2019,16,TRUE,FALSE,TRUE,FALSE,TRUE,FALSE
201917,21/04/2019,25/04/2019,27/04/2019,2019,17,TRUE,FALSE,TRUE,FALSE,TRUE,FALSE
201918,28/04/2019,02/05/2019,04/05/2019,2019,18,TRUE,FALSE,TRUE,FALSE,TRUE,FALSE
201919,05/05/2019,09/05/2019,11/05/2019,2019,19,TRUE,FALSE,TRUE,FALSE,TRUE,FALSE
201920,12/05/2019,16/05/2019,18/05/2019,2019,20,TRUE,FALSE,TRUE,FALSE,TRUE,FALSE
201921,19/05/2019,23/05/2019,25/05/2019,2019,21,TRUE,FALSE,TRUE,FALSE,TRUE,FALSE
201922,26/05/2019,30/05/2019,01/06/2019,2019,22,TRUE,FALSE,TRUE,FALSE,TRUE,FALSE
201923,02/06/2019,06/06/2019,08/06/2019,2019,23,TRUE,FALSE,TRUE,FALSE,TRUE,FALSE
201924,09/06/2019,13/06/2019,15/06/2019,2019,24,TRUE,FALSE,TRUE,FALSE,TRUE,FALSE
201925,16/06/2019,20/06/2019,22/06/2019,2019,25,TRUE,FALSE,TRUE,FALSE,TRUE,FALSE
201926,23/06/2019,27/06/2019,29/06/2019,2019,26,TRUE,FALSE,TRUE,FALSE,TRUE,FALSE
201927,30/06/2019,04/07/2019,06/07/2019,2019,27,TRUE,FALSE,TRUE,FALSE,TRUE,FALSE
201928,07/07/2019,11/07/2019,13/07/2019,2019,28,TRUE,FALSE,TRUE,FALSE,TRUE,FALSE
201929,14/07/2019,18/07/2019,20/07/2019,2019,29,TRUE,FALSE,TRUE,FALSE,TRUE,FALSE
201930,21/07/2019,25/07/2019,27/07/2019,2019,30,TRUE,FALSE,TRUE,FALSE,TRUE,FALSE
201931,28/07/2019,01/08/2019,03/08/2019,2019,31,TRUE,FALSE,TRUE,FALSE,TRUE,FALSE
201932,04/08/2019,08/08/2019,10/08/2019,2019,32,TRUE,FALSE,TRUE,FALSE,TRUE,FALSE
201933,11/08/2019,15/08/2019,17/08/2019,2019,33,TRUE,FALSE,TRUE,FALSE,TRUE,FALSE
201934,18/08/2019,22/08/2019,24/08/2019,2019,34,TRUE,FALSE,TRUE,FALSE,TRUE,FALSE
201935,25/08/2019,29/08/2019,31/08/2019,2019,35,TRUE,FALSE,TRUE,FALSE,TRUE,FALSE
201936,01/09/2019,05/09/2019,07/09/2019,2019,36,TRUE,FALSE,TRUE,FALSE,TRUE,FALSE
201937,08/09/2019,12/09/2019,14/09/2019,2019,37,TRUE,FALSE,TRUE,FALSE,TRUE,FALSE
201938,15/09/2019,19/09/2019,21/09/2019,2019,38,TRUE,FALSE,TRUE,FALSE,TRUE,FALSE
201939,22/09/2019,26/09/2019,28/09/2019,2019,39,TRUE,FALSE,TRUE,FALSE,TRUE,FALSE
201940,29/09/2019,03/10/2019,05/10/2019,2019,40,TRUE,FALSE,TRUE,FALSE,TRUE,FALSE
201941,06/10/2019,10/10/2019,12/10/2019,2019,41,TRUE,FALSE,TRUE,FALSE,TRUE,FALSE
201942,13/10/2019,17/10/2019,19/10/2019,2019,42,TRUE,FALSE,TRUE,FALSE,TRUE,FALSE
201943,20/10/2019,24/10/2019,26/10/2019,2019,43,TRUE,FALSE,TRUE,FALSE,TRUE,FALSE
201944,27/10/2019,31/10/2019,02/11/2019,2019,44,TRUE,FALSE,TRUE,FALSE,TRUE,FALSE
201945,03/11/2019,07/11/2019,09/11/2019,2019,45,TRUE,FALSE,TRUE,FALSE,TRUE,FALSE
201946,10/11/2019,14/11/2019,16/11/2019,2019,46,TRUE,FALSE,TRUE,FALSE,TRUE,FALSE
201947,17/11/2019,21/11/2019,23/11/2019,2019,47,TRUE,FALSE,TRUE,FALSE,TRUE,FALSE
201948,24/11/2019,28/11/2019,30/11/2019,2019,48,TRUE,FALSE,TRUE,FALSE,TRUE,FALSE
201949,01/12/2019,05/12/2019,07/12/2019,2019,49,TRUE,FALSE,TRUE,FALSE,TRUE,FALSE
201950,08/12/2019,12/12/2019,14/12/2019,2019,50,TRUE,FALSE,TRUE,FALSE,TRUE,FALSE
201951,15/12/2019,19/12/2019,21/12/2019,2019,51,TRUE,FALSE,TRUE,FALSE,TRUE,FALSE
201952,22/12/2019,26/12/2019,28/12/2019,2019,52,TRUE,FALSE,TRUE,FALSE,TRUE,FALSE
202001,29/12/2019,02/01/2020,04/01/2020,2020,1,TRUE,FALSE,TRUE,FALSE,TRUE,FALSE
202002,05/01/2020,09/01/2020,11/01/2020,2020,2,TRUE,FALSE,TRUE,FALSE,TRUE,FALSE
202003,12/01/2020,16/01/2020,18/01/2020,2020,3,TRUE,FALSE,TRUE,FALSE,TRUE,FALSE
202004,19/01/2020,23/01/2020,25/01/2020,2020,4,TRUE,FALSE,TRUE,FALSE,TRUE,FALSE
202005,26/01/2020,30/01/2020,01/02/2020,2020,5,TRUE,FALSE,TRUE,FALSE,TRUE,FALSE
202006,02/02/2020,06/02/2020,08/02/2020,2020,6,TRUE,FALSE,TRUE,FALSE,TRUE,FALSE
202007,09/02/2020,13/02/2020,15/02/2020,2020,7,TRUE,FALSE,TRUE,FALSE,TRUE,FALSE
202008,16/02/2020,20/02/2020,22/02/2020,2020,8,TRUE,FALSE,TRUE,FALSE,TRUE,FALSE
202009,23/02/2020,27/02/2020,29/02/2020,2020,9,TRUE,FALSE,TRUE,FALSE,TRUE,FALSE
202010,01/03/2020,05/03/2020,07/03/2020,2020,10,TRUE,FALSE,TRUE,FALSE,TRUE,FALSE
202011,08/03/2020,12/03/2020,14/03/2020,2020,11,TRUE,FALSE,TRUE,FALSE,TRUE,FALSE
202012,15/03/2020,19/03/2020,21/03/2020,2020,12,TRUE,FALSE,TRUE,FALSE,TRUE,FALSE
202013,22/03/2020,26/03/2020,28/03/2020,2020,13,TRUE,FALSE,TRUE,FALSE,TRUE,FALSE
202014,29/03/2020,02/04/2020,04/04/2020,2020,14,TRUE,FALSE,TRUE,FALSE,TRUE,FALSE
202015,05/04/2020,09/04/2020,11/04/2020,2020,15,TRUE,FALSE,TRUE,FALSE,TRUE,FALSE
202016,12/04/2020,16/04/2020,18/04/2020,2020,16,TRUE,FALSE,TRUE,FALSE,TRUE,FALSE
202017,19/04/2020,23/04/2020,25/04/2020,2020,17,TRUE,FALSE,TRUE,FALSE,TRUE,FALSE
202018,26/04/2020,30/04/2020,02/05/2020,2020,18,TRUE,FALSE,TRUE,FALSE,TRUE,FALSE
202019,03/05/2020,07/05/2020,09/05/2020,2020,19,TRUE,FALSE,TRUE,FALSE,TRUE,FALSE
202020,10/05/2020,14/05/2020,16/05/2020,2020,20,TRUE,FALSE,TRUE,FALSE,TRUE,FALSE
202021,17/05/2020,21/05/2020,23/05/2020,2020,21,TRUE,FALSE,TRUE,FALSE,TRUE,FALSE
202022,24/05/2020,28/05/2020,30/05/2020,2020,22,TRUE,FALSE,TRUE,FALSE,TRUE,FALSE
202023,31/05/2020,04/06/2020,06/06/2020,2020,23,TRUE,FALSE,TRUE,FALSE,TRUE,FALSE
202024,07/06/2020,11/06/2020,13/06/2020,2020,24,TRUE,FALSE,TRUE,FALSE,TRUE,FALSE
202025,14/06/2020,18/06/2020,20/06/2020,2020,25,TRUE,FALSE,TRUE,FALSE,TRUE,FALSE
202026,21/06/2020,25/06/2020,27/06/2020,2020,26,TRUE,FALSE,TRUE,FALSE,TRUE,FALSE
202027,28/06/2020,02/07/2020,04/07/2020,2020,27,TRUE,FALSE,TRUE,FALSE,TRUE,FALSE
202028,05/07/2020,09/07/2020,11/07/2020,2020,28,TRUE,FALSE,TRUE,FALSE,TRUE,FALSE
202029,12/07/2020,16/07/2020,18/07/2020,2020,29,TRUE,FALSE,TRUE,FALSE,TRUE,FALSE
202030,19/07/2020,23/07/2020,25/07/2020,2020,30,TRUE,FALSE,TRUE,FALSE,TRUE,FALSE
202031,26/07/2020,30/07/2020,01/08/2020,2020,31,TRUE,FALSE,TRUE,FALSE,TRUE,FALSE
202032,02/08/2020,06/08/2020,08/08/2020,2020,32,TRUE,FALSE,TRUE,FALSE,TRUE,FALSE
202033,09/08/2020,13/08/2020,15/08/2020,2020,33,TRUE,FALSE,TRUE,FALSE,TRUE,FALSE
202034,16/08/2020,20/08/2020,22/08/2020,2020,34,TRUE,FALSE,TRUE,FALSE,TRUE,FALSE
202035,23/08/2020,27/08/2020,29/08/2020,2020,35,TRUE,FALSE,TRUE,FALSE,TRUE,FALSE
202036,30/08/2020,03/09/2020,05/09/2020,2020,36,TRUE,FALSE,TRUE,FALSE,TRUE,FALSE
202037,06/09/2020,10/09/2020,12/09/2020,2020,37,TRUE,FALSE,TRUE,FALSE,TRUE,FALSE
202038,13/09/2020,17/09/2020,19/09/2020,2020,38,TRUE,FALSE,TRUE,FALSE,TRUE,FALSE
202039,20/09/2020,24/09/2020,26/09/2020,2020,39,TRUE,FALSE,TRUE,FALSE,TRUE,FALSE
202040,27/09/2020,01/10/2020,03/10/2020,2020,40,TRUE,FALSE,TRUE,FALSE,TRUE,FALSE
202041,04/10/2020,08/10/2020,10/10/2020,2020,41,TRUE,FALSE,TRUE,FALSE,TRUE,FALSE
202042,11/10/2020,15/10/2020,17/10/2020,2020,42,TRUE,FALSE,TRUE,FALSE,TRUE,FALSE
202043,18/10/2020,22/10/2020,24/10/2020,2020,43,TRUE,FALSE,TRUE,FALSE,TRUE,FALSE
202044,25/10/2020,29/10/2020,31/10/2020,2020,44,TRUE,FALSE,TRUE,FALSE,TRUE,FALSE
202045,01/11/2020,05/11/2020,07/11/2020,2020,45,TRUE,FALSE,TRUE,FALSE,TRUE,FALSE
202046,08/11/2020,12/11/2020,14/11/2020,2020,46,TRUE,FALSE,TRUE,FALSE,TRUE,FALSE
202047,15/11/2020,19/11/2020,21/11/2020,2020,47,TRUE,FALSE,TRUE,FALSE,TRUE,FALSE
202048,22/11/2020,26/11/2020,28/11/2020,2020,48,TRUE,FALSE,TRUE,FALSE,TRUE,FALSE
202049,29/11/2020,03/12/2020,05/12/2020,2020,49,TRUE,FALSE,TRUE,FALSE,TRUE,FALSE
202050,06/12/2020,10/12/2020,12/12/2020,2020,50,TRUE,FALSE,TRUE,FALSE,TRUE,FALSE
202051,13/12/2020,17/12/2020,19/12/2020,2020,51,TRUE,FALSE,TRUE,FALSE,TRUE,FALSE
202052,20/12/2020,24/12/2020,26/12/2020,2020,52,TRUE,FALSE,TRUE,FALSE,TRUE,FALSE
202053,27/12/2020,31/12/2020,02/01/2021,2020,53,TRUE,FALSE,TRUE,FALSE,TRUE,FALSE
202101,03/01/2021,07/01/2021,09/01/2021,2021,1,TRUE,FALSE,TRUE,FALSE,TRUE,FALSE
202102,10/01/2021,14/01/2021,16/01/2021,2021,2,TRUE,FALSE,TRUE,FALSE,TRUE,FALSE
202103,17/01/2021,21/01/2021,23/01/2021,2021,3,TRUE,FALSE,TRUE,FALSE,TRUE,FALSE
202104,24/01/2021,28/01/2021,30/01/2021,2021,4,TRUE,FALSE,TRUE,FALSE,TRUE,FALSE
202105,31/01/2021,04/02/2021,06/02/2021,2021,5,TRUE,FALSE,TRUE,FALSE,TRUE,FALSE
202106,07/02/2021,11/02/2021,13/02/2021,2021,6,TRUE,FALSE,TRUE,FALSE,TRUE,FALSE
202107,14/02/2021,18/02/2021,20/02/2021,2021,7,TRUE,FALSE,TRUE,FALSE,TRUE,FALSE
202108,21/02/2021,25/02/2021,27/02/2021,2021,8,TRUE,FALSE,TRUE,FALSE,TRUE,FALSE
202109,28/02/2021,04/03/2021,06/03/2021,2021,9,TRUE,FALSE,TRUE,FALSE,TRUE,FALSE
202110,07/03/2021,11/03/2021,13/03/2021,2021,10,TRUE,FALSE,TRUE,FALSE,TRUE,FALSE
202111,14/03/2021,18/03/2021,20/03/2021,2021,11,TRUE,FALSE,TRUE,FALSE,TRUE,FALSE
202112,21/03/2021,25/03/2021,27/03/2021,2021,12,TRUE,FALSE,TRUE,FALSE,TRUE,FALSE
202113,28/03/2021,01/04/2021,03/04/2021,2021,13,TRUE,FALSE,TRUE,FALSE,TRUE,FALSE
202114,04/04/2021,08/04/2021,10/04/2021,2021,14,TRUE,FALSE,TRUE,FALSE,TRUE,FALSE
202115,11/04/2021,15/04/2021,17/04/2021,2021,15,TRUE,FALSE,TRUE,FALSE,TRUE,FALSE
202116,18/04/2021,22/04/2021,24/04/2021,2021,16,TRUE,FALSE,TRUE,FALSE,TRUE,FALSE
202117,25/04/2021,29/04/2021,01/05/2021,2021,17,TRUE,FALSE,TRUE,FALSE,TRUE,FALSE
202118,02/05/2021,06/05/2021,08/05/2021,2021,18,TRUE,FALSE,TRUE,FALSE,TRUE,FALSE
202119,09/05/2021,13/05/2021,15/05/2021,2021,19,TRUE,FALSE,TRUE,FALSE,TRUE,FALSE
202120,16/05/2021,20/05/2021,22/05/2021,2021,20,TRUE,FALSE,TRUE,FALSE,TRUE,FALSE
202121,23/05/2021,27/05/2021,29/05/2021,2021,21,TRUE,FALSE,TRUE,FALSE,TRUE,FALSE
202122,30/05/2021,03/06/2021,05/06/2021,2021,22,TRUE,FALSE,TRUE,FALSE,TRUE,FALSE
202123,06/06/2021,10/06/2021,12/06/2021,2021,23,TRUE,FALSE,TRUE,FALSE,TRUE,FALSE
202124,13/06/2021,17/06/2021,19/06/2021,2021,24,TRUE,FALSE,TRUE,FALSE,TRUE,FALSE
202125,20/06/2021,24/06/2021,26/06/2021,2021,25,TRUE,FALSE,TRUE,FALSE,TRUE,FALSE
202126,27/06/2021,01/07/2021,03/07/2021,2021,26,TRUE,FALSE,TRUE,FALSE,TRUE,FALSE
202127,04/07/2021,08/07/2021,10/07/2021,2021,27,TRUE,FALSE,TRUE,FALSE,TRUE,FALSE
202128,11/07/2021,15/07/2021,17/07/2021,2021,28,TRUE,FALSE,TRUE,FALSE,TRUE,FALSE
202129,18/07/2021,22/07/2021,24/07/2021,2021,29,TRUE,FALSE,TRUE,FALSE,TRUE,FALSE
202130,25/07/2021,29/07/2021,31/07/2021,2021,30,TRUE,FALSE,TRUE,FALSE,TRUE,FALSE
202131,01/08/2021,05/08/2021,07/08/2021,2021,31,TRUE,FALSE,TRUE,FALSE,TRUE,FALSE
202132,08/08/2021,12/08/2021,14/08/2021,2021,32,TRUE,FALSE,TRUE,FALSE,TRUE,FALSE
202133,15/08/2021,19/08/2021,21/08/2021,2021,33,TRUE,FALSE,TRUE,FALSE,TRUE,FALSE
202134,22/08/2021,26/08/2021,28/08/2021,2021,34,TRUE,FALSE,TRUE,FALSE,TRUE,FALSE
202135,29/08/2021,02/09/2021,04/09/2021,2021,35,TRUE,FALSE,TRUE,FALSE,TRUE,FALSE
202136,05/09/2021,09/09/2021,11/09/2021,2021,36,TRUE,FALSE,TRUE,FALSE,TRUE,FALSE
202137,12/09/2021,16/09/2021,18/09/2021,2021,37,TRUE,FALSE,TRUE,FALSE,TRUE,FALSE
202138,19/09/2021,23/09/2021,25/09/2021,2021,38,TRUE,FALSE,TRUE,FALSE,TRUE,FALSE
202139,26/09/2021,30/09/2021,02/10/2021,2021,39,TRUE,FALSE,TRUE,FALSE,TRUE,FALSE
202140,03/10/2021,07/10/2021,09/10/2021,2021,40,TRUE,FALSE,TRUE,FALSE,TRUE,FALSE
202141,10/10/2021,14/10/2021,16/10/2021,2021,41,TRUE,FALSE,TRUE,FALSE,TRUE,FALSE
202142,17/10/2021,21/10/2021,23/10/2021,2021,42,TRUE,FALSE,TRUE,FALSE,TRUE,FALSE
202143,24/10/2021,28/10/2021,30/10/2021,2021,43,TRUE,FALSE,TRUE,FALSE,TRUE,FALSE
202144,31/10/2021,04/11/2021,06/11/2021,2021,44,TRUE,FALSE,TRUE,FALSE,TRUE,FALSE
202145,07/11/2021,11/11/2021,13/11/2021,2021,45,TRUE,FALSE,TRUE,FALSE,TRUE,FALSE
202146,14/11/2021,18/11/2021,20/11/2021,2021,46,TRUE,FALSE,TRUE,FALSE,TRUE,FALSE
202147,21/11/2021,25/11/2021,27/11/2021,2021,47,TRUE,FALSE,TRUE,FALSE,TRUE,FALSE
202148,28/11/2021,02/12/2021,04/12/2021,2021,48,TRUE,FALSE,TRUE,FALSE,TRUE,FALSE
202149,05/12/2021,09/12/2021,11/12/2021,2021,49,TRUE,FALSE,TRUE,FALSE,TRUE,FALSE
202150,12/12/2021,16/12/2021,18/12/2021,2021,50,TRUE,FALSE,TRUE,FALSE,TRUE,FALSE
202151,19/12/2021,23/12/2021,25/12/2021,2021,51,TRUE,FALSE,TRUE,FALSE,TRUE,FALSE
202152,26/12/2021,30/12/2021,01/01/2022,2021,52,TRUE,FALSE,TRUE,FALSE,TRUE,FALSE
202201,02/01/2022,06/01/2022,08/01/2022,2022,1,TRUE,FALSE,TRUE,FALSE,TRUE,FALSE
202202,09/01/2022,13/01/2022,15/01/2022,2022,2,TRUE,FALSE,TRUE,FALSE,TRUE,FALSE
202203,16/01/2022,20/01/2022,22/01/2022,2022,3,TRUE,FALSE,TRUE,FALSE,TRUE,FALSE
202204,23/01/2022,27/01/2022,29/01/2022,2022,4,TRUE,FALSE,TRUE,FALSE,TRUE,FALSE
202205,30/01/2022,03/02/2022,05/02/2022,2022,5,TRUE,FALSE,TRUE,FALSE,TRUE,FALSE
202206,06/02/2022,10/02/2022,12/02/2022,2022,6,TRUE,FALSE,TRUE,FALSE,TRUE,FALSE
202207,13/02/2022,17/02/2022,19/02/2022,2022,7,TRUE,FALSE,TRUE,FALSE,TRUE,FALSE
202208,20/02/2022,24/02/2022,26/02/2022,2022,8,TRUE,FALSE,TRUE,FALSE,TRUE,FALSE
202209,27/02/2022,03/03/2022,05/03/2022,2022,9,TRUE,FALSE,TRUE,FALSE,TRUE,FALSE
202210,06/03/2022,10/03/2022,12/03/2022,2022,10,TRUE,FALSE,TRUE,FALSE,TRUE,FALSE
202211,13/03/2022,17/03/2022,19/03/2022,2022,11,TRUE,FALSE,TRUE,FALSE,TRUE,FALSE
202212,20/03/2022,24/03/2022,26/03/2022,2022,12,TRUE,FALSE,TRUE,FALSE,TRUE,FALSE
202213,27/03/2022,31/03/2022,02/04/2022,2022,13,TRUE,FALSE,TRUE,FALSE,TRUE,FALSE
202214,03/04/2022,07/04/2022,09/04/2022,2022,14,TRUE,FALSE,TRUE,FALSE,TRUE,FALSE
202215,10/04/2022,14/04/2022,16/04/2022,2022,15,TRUE,FALSE,TRUE,FALSE,TRUE,FALSE
202216,17/04/2022,21/04/2022,23/04/2022,2022,16,TRUE,FALSE,TRUE,FALSE,TRUE,FALSE
202217,24/04/2022,28/04/2022,30/04/2022,2022,17,TRUE,FALSE,TRUE,FALSE,TRUE,FALSE
202218,01/05/2022,05/05/2022,07/05/2022,2022,18,TRUE,FALSE,TRUE,FALSE,TRUE,FALSE
202219,08/05/2022,12/05/2022,14/05/2022,2022,19,TRUE,FALSE,TRUE,FALSE,TRUE,FALSE
202220,15/05/2022,19/05/2022,21/05/2022,2022,20,TRUE,FALSE,TRUE,FALSE,TRUE,FALSE
202221,22/05/2022,26/05/2022,28/05/2022,2022,21,TRUE,FALSE,TRUE,FALSE,TRUE,FALSE
202222,29/05/2022,02/06/2022,04/06/2022,2022,22,TRUE,FALSE,TRUE,FALSE,TRUE,FALSE
202223,05/06/2022,09/06/2022,11/06/2022,2022,23,TRUE,FALSE,TRUE,FALSE,TRUE,FALSE
202224,12/06/2022,16/06/2022,18/06/2022,2022,24,TRUE,FALSE,TRUE,FALSE,TRUE,FALSE
202225,19/06/2022,23/06/2022,25/06/2022,2022,25,TRUE,FALSE,TRUE,FALSE,TRUE,FALSE
202226,26/06/2022,30/06/2022,02/07/2022,2022,26,FALSE,FALSE,TRUE,FALSE,TRUE,FALSE
202227,03/07/2022,07/07/2022,09/07/2022,2022,27,FALSE,FALSE,TRUE,FALSE,TRUE,FALSE
202228,10/07/2022,14/07/2022,16/07/2022,2022,28,FALSE,FALSE,TRUE,FALSE,TRUE,FALSE
202229,17/07/2022,21/07/2022,23/07/2022,2022,29,FALSE,FALSE,TRUE,FALSE,TRUE,FALSE
202230,24/07/2022,28/07/2022,30/07/2022,2022,30,FALSE,FALSE,TRUE,FALSE,TRUE,FALSE
202231,31/07/2022,04/08/2022,06/08/2022,2022,31,FALSE,FALSE,TRUE,FALSE,TRUE,FALSE
202232,07/08/2022,11/08/2022,13/08/2022,2022,32,FALSE,FALSE,TRUE,FALSE,TRUE,FALSE
202233,14/08/2022,18/08/2022,20/08/2022,2022,33,FALSE,FALSE,TRUE,FALSE,TRUE,FALSE
202234,21/08/2022,25/08/2022,27/08/2022,2022,34,FALSE,FALSE,TRUE,FALSE,TRUE,FALSE
202235,28/08/2022,01/09/2022,03/09/2022,2022,35,FALSE,FALSE,TRUE,FALSE,TRUE,FALSE
202236,04/09/2022,08/09/2022,10/09/2022,2022,36,FALSE,FALSE,TRUE,FALSE,TRUE,FALSE
202237,11/09/2022,15/09/2022,17/09/2022,2022,37,FALSE,FALSE,TRUE,FALSE,TRUE,FALSE
202238,18/09/2022,22/09/2022,24/09/2022,2022,38,FALSE,FALSE,TRUE,FALSE,TRUE,FALSE
202239,25/09/2022,29/09/2022,01/10/2022,2022,39,FALSE,FALSE,TRUE,FALSE,TRUE,FALSE
202240,02/10/2022,06/10/2022,08/10/2022,2022,40,FALSE,FALSE,TRUE,FALSE,TRUE,FALSE
202241,09/10/2022,13/10/2022,15/10/2022,2022,41,FALSE,TRUE,TRUE,FALSE,TRUE,FALSE
202242,16/10/2022,20/10/2022,22/10/2022,2022,42,FALSE,TRUE,TRUE,FALSE,TRUE,FALSE
202243,23/10/2022,27/10/2022,29/10/2022,2022,43,FALSE,TRUE,TRUE,FALSE,TRUE,FALSE
202244,30/10/2022,03/11/2022,05/11/2022,2022,44,FALSE,TRUE,TRUE,FALSE,TRUE,FALSE
202245,06/11/2022,10/11/2022,12/11/2022,2022,45,FALSE,TRUE,TRUE,FALSE,TRUE,FALSE
202246,13/11/2022,17/11/2022,19/11/2022,2022,46,FALSE,TRUE,TRUE,FALSE,TRUE,FALSE
202247,20/11/2022,24/11/2022,26/11/2022,2022,47,FALSE,TRUE,TRUE,FALSE,TRUE,FALSE
202248,27/11/2022,01/12/2022,03/12/2022,2022,48,FALSE,TRUE,TRUE,FALSE,TRUE,FALSE
202249,04/12/2022,08/12/2022,10/12/2022,2022,49,FALSE,TRUE,TRUE,FALSE,TRUE,FALSE
202250,11/12/2022,15/12/2022,17/12/2022,2022,50,FALSE,TRUE,TRUE,FALSE,TRUE,FALSE
202251,18/12/2022,22/12/2022,24/12/2022,2022,51,FALSE,TRUE,TRUE,FALSE,TRUE,FALSE
202252,25/12/2022,29/12/2022,31/12/2022,2022,52,FALSE,TRUE,TRUE,FALSE,TRUE,FALSE
202301,01/01/2023,05/01/2023,07/01/2023,2023,1,FALSE,TRUE,TRUE,FALSE,TRUE,FALSE
202302,08/01/2023,12/01/2023,14/01/2023,2023,2,FALSE,TRUE,TRUE,FALSE,TRUE,FALSE
202303,15/01/2023,19/01/2023,21/01/2023,2023,3,FALSE,TRUE,TRUE,FALSE,TRUE,FALSE
202304,22/01/2023,26/01/2023,28/01/2023,2023,4,FALSE,TRUE,TRUE,FALSE,TRUE,FALSE
202305,29/01/2023,02/02/2023,04/02/2023,2023,5,FALSE,TRUE,TRUE,FALSE,TRUE,FALSE
202306,05/02/2023,09/02/2023,11/02/2023,2023,6,FALSE,TRUE,TRUE,FALSE,TRUE,FALSE
202307,12/02/2023,16/02/2023,18/02/2023,2023,7,FALSE,TRUE,TRUE,FALSE,TRUE,FALSE
202308,19/02/2023,23/02/2023,25/02/2023,2023,8,FALSE,TRUE,TRUE,FALSE,TRUE,FALSE
202309,26/02/2023,02/03/2023,04/03/2023,2023,9,FALSE,TRUE,TRUE,FALSE,TRUE,FALSE
202310,05/03/2023,09/03/2023,11/03/2023,2023,10,FALSE,TRUE,TRUE,FALSE,TRUE,FALSE
202311,12/03/2023,16/03/2023,18/03/2023,2023,11,FALSE,TRUE,TRUE,FALSE,TRUE,FALSE
202312,19/03/2023,23/03/2023,25/03/2023,2023,12,FALSE,TRUE,TRUE,FALSE,TRUE,FALSE
202313,26/03/2023,30/03/2023,01/04/2023,2023,13,FALSE,TRUE,TRUE,FALSE,TRUE,FALSE
202314,02/04/2023,06/04/2023,08/04/2023,2023,14,FALSE,TRUE,TRUE,FALSE,TRUE,FALSE
202315,09/04/2023,13/04/2023,15/04/2023,2023,15,FALSE,TRUE,TRUE,FALSE,TRUE,FALSE
202316,16/04/2023,20/04/2023,22/04/2023,2023,16,FALSE,TRUE,TRUE,FALSE,TRUE,FALSE
202317,23/04/2023,27/04/2023,29/04/2023,2023,17,FALSE,TRUE,TRUE,FALSE,TRUE,FALSE
202318,30/04/2023,04/05/2023,06/05/2023,2023,18,FALSE,TRUE,TRUE,FALSE,TRUE,FALSE
202319,07/05/2023,11/05/2023,13/05/2023,2023,19,FALSE,TRUE,TRUE,FALSE,TRUE,FALSE
202320,14/05/2023,18/05/2023,20/05/2023,2023,20,FALSE,TRUE,TRUE,FALSE,TRUE,FALSE
202321,21/05/2023,25/05/2023,27/05/2023,2023,21,FALSE,TRUE,TRUE,FALSE,TRUE,FALSE
202322,28/05/2023,01/06/2023,03/06/2023,2023,22,FALSE,TRUE,TRUE,FALSE,TRUE,FALSE
202323,04/06/2023,08/06/2023,10/06/2023,2023,23,FALSE,TRUE,TRUE,FALSE,TRUE,FALSE
202324,11/06/2023,15/06/2023,17/06/2023,2023,24,FALSE,TRUE,TRUE,FALSE,TRUE,FALSE
202325,18/06/2023,22/06/2023,24/06/2023,2023,25,FALSE,TRUE,TRUE,FALSE,TRUE,FALSE
202326,25/06/2023,29/06/2023,01/07/2023,2023,26,FALSE,TRUE,FALSE,FALSE,TRUE,FALSE
202327,02/07/2023,06/07/2023,08/07/2023,2023,27,FALSE,TRUE,FALSE,FALSE,TRUE,FALSE
202328,09/07/2023,13/07/2023,15/07/2023,2023,28,FALSE,TRUE,FALSE,FALSE,TRUE,FALSE
202329,16/07/2023,20/07/2023,22/07/2023,2023,29,FALSE,TRUE,FALSE,FALSE,TRUE,FALSE
202330,23/07/2023,27/07/2023,29/07/2023,2023,30,FALSE,TRUE,FALSE,FALSE,TRUE,FALSE
202331,30/07/2023,03/08/2023,05/08/2023,2023,31,FALSE,TRUE,FALSE,FALSE,TRUE,FALSE
202332,06/08/2023,10/08/2023,12/08/2023,2023,32,FALSE,TRUE,FALSE,FALSE,TRUE,FALSE
202333,13/08/2023,17/08/2023,19/08/2023,2023,33,FALSE,TRUE,FALSE,FALSE,TRUE,FALSE
202334,20/08/2023,24/08/2023,26/08/2023,2023,34,FALSE,TRUE,FALSE,FALSE,TRUE,FALSE
202335,27/08/2023,31/08/2023,02/09/2023,2023,35,FALSE,TRUE,FALSE,FALSE,TRUE,FALSE
202336,03/09/2023,07/09/2023,09/09/2023,2023,36,FALSE,TRUE,FALSE,FALSE,TRUE,FALSE
202337,10/09/2023,14/09/2023,16/09/2023,2023,37,FALSE,TRUE,FALSE,FALSE,TRUE,FALSE
202338,17/09/2023,21/09/2023,23/09/2023,2023,38,FALSE,TRUE,FALSE,FALSE,TRUE,FALSE
202339,24/09/2023,28/09/2023,30/09/2023,2023,39,FALSE,TRUE,FALSE,FALSE,TRUE,FALSE
202340,01/10/2023,05/10/2023,07/10/2023,2023,40,FALSE,TRUE,FALSE,FALSE,TRUE,FALSE
202341,08/10/2023,12/10/2023,14/10/2023,2023,41,FALSE,FALSE,FALSE,TRUE,TRUE,FALSE
202342,15/10/2023,19/10/2023,21/10/2023,2023,42,FALSE,FALSE,FALSE,TRUE,TRUE,FALSE
202343,22/10/2023,26/10/2023,28/10/2023,2023,43,FALSE,FALSE,FALSE,TRUE,TRUE,FALSE
202344,29/10/2023,02/11/2023,04/11/2023,2023,44,FALSE,FALSE,FALSE,TRUE,TRUE,FALSE
202345,05/11/2023,09/11/2023,11/11/2023,2023,45,FALSE,FALSE,FALSE,TRUE,TRUE,FALSE
202346,12/11/2023,16/11/2023,18/11/2023,2023,46,FALSE,FALSE,FALSE,TRUE,TRUE,FALSE
202347,19/11/2023,23/11/2023,25/11/2023,2023,47,FALSE,FALSE,FALSE,TRUE,TRUE,FALSE
202348,26/11/2023,30/11/2023,02/12/2023,2023,48,FALSE,FALSE,FALSE,TRUE,TRUE,FALSE
202349,03/12/2023,07/12/2023,09/12/2023,2023,49,FALSE,FALSE,FALSE,TRUE,TRUE,FALSE
202350,10/12/2023,14/12/2023,16/12/2023,2023,50,FALSE,FALSE,FALSE,TRUE,TRUE,FALSE
202351,17/12/2023,21/12/2023,23/12/2023,2023,51,FALSE,FALSE,FALSE,TRUE,TRUE,FALSE
202352,24/12/2023,28/12/2023,30/12/2023,2023,52,FALSE,FALSE,FALSE,TRUE,TRUE,FALSE
202401,31/12/2023,04/01/2024,06/01/2024,2024,1,FALSE,FALSE,FALSE,TRUE,TRUE,FALSE
202402,07/01/2024,11/01/2024,13/01/2024,2024,2,FALSE,FALSE,FALSE,TRUE,TRUE,FALSE
202403,14/01/2024,18/01/2024,20/01/2024,2024,3,FALSE,FALSE,FALSE,TRUE,TRUE,FALSE
202404,21/01/2024,25/01/2024,27/01/2024,2024,4,FALSE,FALSE,FALSE,TRUE,TRUE,FALSE
202405,28/01/2024,01/02/2024,03/02/2024,2024,5,FALSE,FALSE,FALSE,TRUE,TRUE,FALSE
202406,04/02/2024,08/02/2024,10/02/2024,2024,6,FALSE,FALSE,FALSE,TRUE,TRUE,FALSE
202407,11/02/2024,15/02/2024,17/02/2024,2024,7,FALSE,FALSE,FALSE,TRUE,TRUE,FALSE
202408,18/02/2024,22/02/2024,24/02/2024,2024,8,FALSE,FALSE,FALSE,TRUE,TRUE,FALSE
202409,25/02/2024,29/02/2024,02/03/2024,2024,9,FALSE,FALSE,FALSE,TRUE,TRUE,FALSE
202410,03/03/2024,07/03/2024,09/03/2024,2024,10,FALSE,FALSE,FALSE,TRUE,TRUE,FALSE
202411,10/03/2024,14/03/2024,16/03/2024,2024,11,FALSE,FALSE,FALSE,TRUE,TRUE,FALSE
202412,17/03/2024,21/03/2024,23/03/2024,2024,12,FALSE,FALSE,FALSE,TRUE,TRUE,FALSE
202413,24/03/2024,28/03/2024,30/03/2024,2024,13,FALSE,FALSE,FALSE,TRUE,TRUE,FALSE
202414,31/03/2024,04/04/2024,06/04/2024,2024,14,FALSE,FALSE,FALSE,TRUE,TRUE,FALSE
202415,07/04/2024,11/04/2024,13/04/2024,2024,15,FALSE,FALSE,FALSE,TRUE,TRUE,FALSE
202416,14/04/2024,18/04/2024,20/04/2024,2024,16,FALSE,FALSE,FALSE,TRUE,TRUE,FALSE
202417,21/04/2024,25/04/2024,27/04/2024,2024,17,FALSE,FALSE,FALSE,TRUE,TRUE,FALSE
202418,28/04/2024,02/05/2024,04/05/2024,2024,18,FALSE,FALSE,FALSE,TRUE,TRUE,FALSE
202419,05/05/2024,09/05/2024,11/05/2024,2024,19,FALSE,FALSE,FALSE,TRUE,TRUE,FALSE
202420,12/05/2024,16/05/2024,18/05/2024,2024,20,FALSE,FALSE,FALSE,TRUE,TRUE,FALSE
202421,19/05/2024,23/05/2024,25/05/2024,2024,21,FALSE,FALSE,FALSE,TRUE,TRUE,FALSE
202422,26/05/2024,30/05/2024,01/06/2024,2024,22,FALSE,FALSE,FALSE,TRUE,TRUE,FALSE
202423,02/06/2024,06/06/2024,08/06/2024,2024,23,FALSE,FALSE,FALSE,TRUE,TRUE,FALSE
202424,09/06/2024,13/06/2024,15/06/2024,2024,24,FALSE,FALSE,FALSE,TRUE,TRUE,FALSE
202425,16/06/2024,20/06/2024,22/06/2024,2024,25,FALSE,FALSE,FALSE,TRUE,TRUE,FALSE
202426,23/06/2024,27/06/2024,29/06/2024,2024,26,FALSE,FALSE,FALSE,TRUE,FALSE,FALSE
202427,30/06/2024,04/07/2024,06/07/2024,2024,27,FALSE,FALSE,FALSE,TRUE,FALSE,FALSE
202428,07/07/2024,11/07/2024,13/07/2024,2024,28,FALSE,FALSE,FALSE,TRUE,FALSE,FALSE
202429,14/07/2024,18/07/2024,20/07/2024,2024,29,FALSE,FALSE,FALSE,TRUE,FALSE,FALSE
202430,21/07/2024,25/07/2024,27/07/2024,2024,30,FALSE,FALSE,FALSE,TRUE,FALSE,FALSE
202431,28/07/2024,01/08/2024,03/08/2024,2024,31,FALSE,FALSE,FALSE,TRUE,FALSE,FALSE
202432,04/08/2024,08/08/2024,10/08/2024,2024,32,FALSE,FALSE,FALSE,TRUE,FALSE,FALSE
202433,11/08/2024,15/08/2024,17/08/2024,2024,33,FALSE,FALSE,FALSE,TRUE,FALSE,FALSE
202434,18/08/2024,22/08/2024,24/08/2024,2024,34,FALSE,FALSE,FALSE,TRUE,FALSE,FALSE
202435,25/08/2024,29/08/2024,31/08/2024,2024,35,FALSE,FALSE,FALSE,TRUE,FALSE,FALSE
202436,01/09/2024,05/09/2024,07/09/2024,2024,36,FALSE,FALSE,FALSE,TRUE,FALSE,FALSE
202437,08/09/2024,12/09/2024,14/09/2024,2024,37,FALSE,FALSE,FALSE,TRUE,FALSE,FALSE
202438,15/09/2024,19/09/2024,21/09/2024,2024,38,FALSE,FALSE,FALSE,TRUE,FALSE,FALSE
202439,22/09/2024,26/09/2024,28/09/2024,2024,39,FALSE,FALSE,FALSE,TRUE,FALSE,FALSE
202440,29/09/2024,03/10/2024,05/10/2024,2024,40,FALSE,FALSE,FALSE,TRUE,FALSE,FALSE
202441,06/10/2024,10/10/2024,12/10/2024,2024,41,FALSE,FALSE,FALSE,FALSE,FALSE,TRUE
202442,13/10/2024,17/10/2024,19/10/2024,2024,42,FALSE,FALSE,FALSE,FALSE,FALSE,TRUE
202443,20/10/2024,24/10/2024,26/10/2024,2024,43,FALSE,FALSE,FALSE,FALSE,FALSE,TRUE
202444,27/10/2024,31/10/2024,02/11/2024,2024,44,FALSE,FALSE,FALSE,FALSE,FALSE,TRUE
202445,03/11/2024,07/11/2024,09/11/2024,2024,45,FALSE,FALSE,FALSE,FALSE,FALSE,TRUE
202446,10/11/2024,14/11/2024,16/11/2024,2024,46,FALSE,FALSE,FALSE,FALSE,FALSE,TRUE
202447,17/11/2024,21/11/2024,23/11/2024,2024,47,FALSE,FALSE,FALSE,FALSE,FALSE,TRUE
202448,24/11/2024,28/11/2024,30/11/2024,2024,48,FALSE,FALSE,FALSE,FALSE,FALSE,TRUE
202449,01/12/2024,05/12/2024,07/12/2024,2024,49,FALSE,FALSE,FALSE,FALSE,FALSE,TRUE
202450,08/12/2024,12/12/2024,14/12/2024,2024,50,FALSE,FALSE,FALSE,FALSE,FALSE,TRUE
202451,15/12/2024,19/12/2024,21/12/2024,2024,51,FALSE,FALSE,FALSE,FALSE,FALSE,TRUE
202452,22/12/2024,26/12/2024,28/12/2024,2024,52,FALSE,FALSE,FALSE,FALSE,FALSE,TRUE
202501,29/12/2024,02/01/2025,04/01/2025,2025,1,FALSE,FALSE,FALSE,FALSE,FALSE,TRUE
202502,05/01/2025,09/01/2025,11/01/2025,2025,2,FALSE,FALSE,FALSE,FALSE,FALSE,TRUE
202503,12/01/2025,16/01/2025,18/01/2025,2025,3,FALSE,FALSE,FALSE,FALSE,FALSE,TRUE
202504,19/01/2025,23/01/2025,25/01/2025,2025,4,FALSE,FALSE,FALSE,FALSE,FALSE,TRUE
202505,26/01/2025,30/01/2025,01/02/2025,2025,5,FALSE,FALSE,FALSE,FALSE,FALSE,TRUE
202506,02/02/2025,06/02/2025,08/02/2025,2025,6,FALSE,FALSE,FALSE,FALSE,FALSE,TRUE
202507,09/02/2025,13/02/2025,15/02/2025,2025,7,FALSE,FALSE,FALSE,FALSE,FALSE,TRUE
202508,16/02/2025,20/02/2025,22/02/2025,2025,8,FALSE,FALSE,FALSE,FALSE,FALSE,TRUE
202509,23/02/2025,27/02/2025,01/03/2025,2025,9,FALSE,FALSE,FALSE,FALSE,FALSE,TRUE
202510,02/03/2025,06/03/2025,08/03/2025,2025,10,FALSE,FALSE,FALSE,FALSE,FALSE,TRUE
202511,09/03/2025,13/03/2025,15/03/2025,2025,11,FALSE,FALSE,FALSE,FALSE,FALSE,TRUE
202512,16/03/2025,20/03/2025,22/03/2025,2025,12,FALSE,FALSE,FALSE,FALSE,FALSE,TRUE
202513,23/03/2025,27/03/2025,29/03/2025,2025,13,FALSE,FALSE,FALSE,FALSE,FALSE,TRUE
202514,30/03/2025,03/04/2025,05/04/2025,2025,14,FALSE,FALSE,FALSE,FALSE,FALSE,TRUE
202515,06/04/2025,10/04/2025,12/04/2025,2025,15,FALSE,FALSE,FALSE,FALSE,FALSE,TRUE
202516,13/04/2025,17/04/2025,19/04/2025,2025,16,FALSE,FALSE,FALSE,FALSE,FALSE,TRUE
202517,20/04/2025,24/04/2025,26/04/2025,2025,17,FALSE,FALSE,FALSE,FALSE,FALSE,TRUE
202518,27/04/2025,01/05/2025,03/05/2025,2025,18,FALSE,FALSE,FALSE,FALSE,FALSE,TRUE
202519,04/05/2025,08/05/2025,10/05/2025,2025,19,FALSE,FALSE,FALSE,FALSE,FALSE,TRUE
202520,11/05/2025,15/05/2025,17/05/2025,2025,20,FALSE,FALSE,FALSE,FALSE,FALSE,TRUE
202521,18/05/2025,22/05/2025,24/05/2025,2025,21,FALSE,FALSE,FALSE,FALSE,FALSE,TRUE
202522,25/05/2025,29/05/2025,31/05/2025,2025,22,FALSE,FALSE,FALSE,FALSE,FALSE,TRUE
202523,01/06/2025,05/06/2025,07/06/2025,2025,23,FALSE,FALSE,FALSE,FALSE,FALSE,TRUE
202524,08/06/2025,12/06/2025,14/06/2025,2025,24,FALSE,FALSE,FALSE,FALSE,FALSE,TRUE
202525,15/06/2025,19/06/2025,21/06/2025,2025,25,FALSE,FALSE,FALSE,FALSE,FALSE,TRUE
202526,22/06/2025,26/06/2025,28/06/2025,2025,26,FALSE,FALSE,FALSE,FALSE,FALSE,TRUE
202527,29/06/2025,03/07/2025,05/07/2025,2025,27,FALSE,FALSE,FALSE,FALSE,FALSE,TRUE
202528,06/07/2025,10/07/2025,12/07/2025,2025,28,FALSE,FALSE,FALSE,FALSE,FALSE,TRUE
202529,13/07/2025,17/07/2025,19/07/2025,2025,29,FALSE,FALSE,FALSE,FALSE,FALSE,TRUE
202530,20/07/2025,24/07/2025,26/07/2025,2025,30,FALSE,FALSE,FALSE,FALSE,FALSE,TRUE
202531,27/07/2025,31/07/2025,02/08/2025,2025,31,FALSE,FALSE,FALSE,FALSE,FALSE,TRUE
202532,03/08/2025,07/08/2025,09/08/2025,2025,32,FALSE,FALSE,FALSE,FALSE,FALSE,TRUE
202533,10/08/2025,14/08/2025,16/08/2025,2025,33,FALSE,FALSE,FALSE,FALSE,FALSE,TRUE
202534,17/08/2025,21/08/2025,23/08/2025,2025,34,FALSE,FALSE,FALSE,FALSE,FALSE,TRUE
202535,24/08/2025,28/08/2025,30/08/2025,2025,35,FALSE,FALSE,FALSE,FALSE,FALSE,TRUE
202536,31/08/2025,04/09/2025,06/09/2025,2025,36,FALSE,FALSE,FALSE,FALSE,FALSE,TRUE
202537,07/09/2025,11/09/2025,13/09/2025,2025,37,FALSE,FALSE,FALSE,FALSE,FALSE,TRUE
202538,14/09/2025,18/09/2025,20/09/2025,2025,38,FALSE,FALSE,FALSE,FALSE,FALSE,TRUE
202539,21/09/2025,25/09/2025,27/09/2025,2025,39,FALSE,FALSE,FALSE,FALSE,FALSE,TRUE
202540,28/09/2025,02/10/2025,04/10/2025,2025,40,FALSE,FALSE,FALSE,FALSE,FALSE,TRUE
